n_nodes,n_req,n_msg,exec_time,alpha,count_assigned,count_unassigned,time_instant,node_0_jobs,node_0_utility,node_0_initial_gpu,node_0_updated_gpu,node_0_used_gpu,node_0_initial_cpu,node_0_updated_cpu,node_0_used_cpu,node_0_initial_bw,node_0_updated_bw,node_0_used_bw,node_0_gpu_type,node_1_jobs,node_1_utility,node_1_initial_gpu,node_1_updated_gpu,node_1_used_gpu,node_1_initial_cpu,node_1_updated_cpu,node_1_used_cpu,node_1_initial_bw,node_1_updated_bw,node_1_used_bw,node_1_gpu_type,node_2_jobs,node_2_utility,node_2_initial_gpu,node_2_updated_gpu,node_2_used_gpu,node_2_initial_cpu,node_2_updated_cpu,node_2_used_cpu,node_2_initial_bw,node_2_updated_bw,node_2_used_bw,node_2_gpu_type,node_3_jobs,node_3_utility,node_3_initial_gpu,node_3_updated_gpu,node_3_used_gpu,node_3_initial_cpu,node_3_updated_cpu,node_3_used_cpu,node_3_initial_bw,node_3_updated_bw,node_3_used_bw,node_3_gpu_type,node_4_jobs,node_4_utility,node_4_initial_gpu,node_4_updated_gpu,node_4_used_gpu,node_4_initial_cpu,node_4_updated_cpu,node_4_used_cpu,node_4_initial_bw,node_4_updated_bw,node_4_used_bw,node_4_gpu_type,node_5_jobs,node_5_utility,node_5_initial_gpu,node_5_updated_gpu,node_5_used_gpu,node_5_initial_cpu,node_5_updated_cpu,node_5_used_cpu,node_5_initial_bw,node_5_updated_bw,node_5_used_bw,node_5_gpu_type,node_6_jobs,node_6_utility,node_6_initial_gpu,node_6_updated_gpu,node_6_used_gpu,node_6_initial_cpu,node_6_updated_cpu,node_6_used_cpu,node_6_initial_bw,node_6_updated_bw,node_6_used_bw,node_6_gpu_type,node_7_jobs,node_7_utility,node_7_initial_gpu,node_7_updated_gpu,node_7_used_gpu,node_7_initial_cpu,node_7_updated_cpu,node_7_used_cpu,node_7_initial_bw,node_7_updated_bw,node_7_used_bw,node_7_gpu_type,node_8_jobs,node_8_utility,node_8_initial_gpu,node_8_updated_gpu,node_8_used_gpu,node_8_initial_cpu,node_8_updated_cpu,node_8_used_cpu,node_8_initial_bw,node_8_updated_bw,node_8_used_bw,node_8_gpu_type,node_9_jobs,node_9_utility,node_9_initial_gpu,node_9_updated_gpu,node_9_used_gpu,node_9_initial_cpu,node_9_updated_cpu,node_9_used_cpu,node_9_initial_bw,node_9_updated_bw,node_9_used_bw,node_9_gpu_type,node_10_jobs,node_10_utility,node_10_initial_gpu,node_10_updated_gpu,node_10_used_gpu,node_10_initial_cpu,node_10_updated_cpu,node_10_used_cpu,node_10_initial_bw,node_10_updated_bw,node_10_used_bw,node_10_gpu_type,node_11_jobs,node_11_utility,node_11_initial_gpu,node_11_updated_gpu,node_11_used_gpu,node_11_initial_cpu,node_11_updated_cpu,node_11_used_cpu,node_11_initial_bw,node_11_updated_bw,node_11_used_bw,node_11_gpu_type,node_12_jobs,node_12_utility,node_12_initial_gpu,node_12_updated_gpu,node_12_used_gpu,node_12_initial_cpu,node_12_updated_cpu,node_12_used_cpu,node_12_initial_bw,node_12_updated_bw,node_12_used_bw,node_12_gpu_type,node_13_jobs,node_13_utility,node_13_initial_gpu,node_13_updated_gpu,node_13_used_gpu,node_13_initial_cpu,node_13_updated_cpu,node_13_used_cpu,node_13_initial_bw,node_13_updated_bw,node_13_used_bw,node_13_gpu_type,node_14_jobs,node_14_utility,node_14_initial_gpu,node_14_updated_gpu,node_14_used_gpu,node_14_initial_cpu,node_14_updated_cpu,node_14_used_cpu,node_14_initial_bw,node_14_updated_bw,node_14_used_bw,node_14_gpu_type,node_15_jobs,node_15_utility,node_15_initial_gpu,node_15_updated_gpu,node_15_used_gpu,node_15_initial_cpu,node_15_updated_cpu,node_15_used_cpu,node_15_initial_bw,node_15_updated_bw,node_15_used_bw,node_15_gpu_type,node_16_jobs,node_16_utility,node_16_initial_gpu,node_16_updated_gpu,node_16_used_gpu,node_16_initial_cpu,node_16_updated_cpu,node_16_used_cpu,node_16_initial_bw,node_16_updated_bw,node_16_used_bw,node_16_gpu_type,node_17_jobs,node_17_utility,node_17_initial_gpu,node_17_updated_gpu,node_17_used_gpu,node_17_initial_cpu,node_17_updated_cpu,node_17_used_cpu,node_17_initial_bw,node_17_updated_bw,node_17_used_bw,node_17_gpu_type,node_18_jobs,node_18_utility,node_18_initial_gpu,node_18_updated_gpu,node_18_used_gpu,node_18_initial_cpu,node_18_updated_cpu,node_18_used_cpu,node_18_initial_bw,node_18_updated_bw,node_18_used_bw,node_18_gpu_type,node_19_jobs,node_19_utility,node_19_initial_gpu,node_19_updated_gpu,node_19_used_gpu,node_19_initial_cpu,node_19_updated_cpu,node_19_used_cpu,node_19_initial_bw,node_19_updated_bw,node_19_used_bw,node_19_gpu_type,node_20_jobs,node_20_utility,node_20_initial_gpu,node_20_updated_gpu,node_20_used_gpu,node_20_initial_cpu,node_20_updated_cpu,node_20_used_cpu,node_20_initial_bw,node_20_updated_bw,node_20_used_bw,node_20_gpu_type,node_21_jobs,node_21_utility,node_21_initial_gpu,node_21_updated_gpu,node_21_used_gpu,node_21_initial_cpu,node_21_updated_cpu,node_21_used_cpu,node_21_initial_bw,node_21_updated_bw,node_21_used_bw,node_21_gpu_type,node_22_jobs,node_22_utility,node_22_initial_gpu,node_22_updated_gpu,node_22_used_gpu,node_22_initial_cpu,node_22_updated_cpu,node_22_used_cpu,node_22_initial_bw,node_22_updated_bw,node_22_used_bw,node_22_gpu_type,node_23_jobs,node_23_utility,node_23_initial_gpu,node_23_updated_gpu,node_23_used_gpu,node_23_initial_cpu,node_23_updated_cpu,node_23_used_cpu,node_23_initial_bw,node_23_updated_bw,node_23_used_bw,node_23_gpu_type,node_24_jobs,node_24_utility,node_24_initial_gpu,node_24_updated_gpu,node_24_used_gpu,node_24_initial_cpu,node_24_updated_cpu,node_24_used_cpu,node_24_initial_bw,node_24_updated_bw,node_24_used_bw,node_24_gpu_type,node_25_jobs,node_25_utility,node_25_initial_gpu,node_25_updated_gpu,node_25_used_gpu,node_25_initial_cpu,node_25_updated_cpu,node_25_used_cpu,node_25_initial_bw,node_25_updated_bw,node_25_used_bw,node_25_gpu_type,node_26_jobs,node_26_utility,node_26_initial_gpu,node_26_updated_gpu,node_26_used_gpu,node_26_initial_cpu,node_26_updated_cpu,node_26_used_cpu,node_26_initial_bw,node_26_updated_bw,node_26_used_bw,node_26_gpu_type,node_27_jobs,node_27_utility,node_27_initial_gpu,node_27_updated_gpu,node_27_used_gpu,node_27_initial_cpu,node_27_updated_cpu,node_27_used_cpu,node_27_initial_bw,node_27_updated_bw,node_27_used_bw,node_27_gpu_type,node_28_jobs,node_28_utility,node_28_initial_gpu,node_28_updated_gpu,node_28_used_gpu,node_28_initial_cpu,node_28_updated_cpu,node_28_used_cpu,node_28_initial_bw,node_28_updated_bw,node_28_used_bw,node_28_gpu_type,node_29_jobs,node_29_utility,node_29_initial_gpu,node_29_updated_gpu,node_29_used_gpu,node_29_initial_cpu,node_29_updated_cpu,node_29_used_cpu,node_29_initial_bw,node_29_updated_bw,node_29_used_bw,node_29_gpu_type,node_30_jobs,node_30_utility,node_30_initial_gpu,node_30_updated_gpu,node_30_used_gpu,node_30_initial_cpu,node_30_updated_cpu,node_30_used_cpu,node_30_initial_bw,node_30_updated_bw,node_30_used_bw,node_30_gpu_type,node_31_jobs,node_31_utility,node_31_initial_gpu,node_31_updated_gpu,node_31_used_gpu,node_31_initial_cpu,node_31_updated_cpu,node_31_used_cpu,node_31_initial_bw,node_31_updated_bw,node_31_used_bw,node_31_gpu_type,node_32_jobs,node_32_utility,node_32_initial_gpu,node_32_updated_gpu,node_32_used_gpu,node_32_initial_cpu,node_32_updated_cpu,node_32_used_cpu,node_32_initial_bw,node_32_updated_bw,node_32_used_bw,node_32_gpu_type,node_33_jobs,node_33_utility,node_33_initial_gpu,node_33_updated_gpu,node_33_used_gpu,node_33_initial_cpu,node_33_updated_cpu,node_33_used_cpu,node_33_initial_bw,node_33_updated_bw,node_33_used_bw,node_33_gpu_type,node_34_jobs,node_34_utility,node_34_initial_gpu,node_34_updated_gpu,node_34_used_gpu,node_34_initial_cpu,node_34_updated_cpu,node_34_used_cpu,node_34_initial_bw,node_34_updated_bw,node_34_used_bw,node_34_gpu_type,node_35_jobs,node_35_utility,node_35_initial_gpu,node_35_updated_gpu,node_35_used_gpu,node_35_initial_cpu,node_35_updated_cpu,node_35_used_cpu,node_35_initial_bw,node_35_updated_bw,node_35_used_bw,node_35_gpu_type,node_36_jobs,node_36_utility,node_36_initial_gpu,node_36_updated_gpu,node_36_used_gpu,node_36_initial_cpu,node_36_updated_cpu,node_36_used_cpu,node_36_initial_bw,node_36_updated_bw,node_36_used_bw,node_36_gpu_type,node_37_jobs,node_37_utility,node_37_initial_gpu,node_37_updated_gpu,node_37_used_gpu,node_37_initial_cpu,node_37_updated_cpu,node_37_used_cpu,node_37_initial_bw,node_37_updated_bw,node_37_used_bw,node_37_gpu_type,node_38_jobs,node_38_utility,node_38_initial_gpu,node_38_updated_gpu,node_38_used_gpu,node_38_initial_cpu,node_38_updated_cpu,node_38_used_cpu,node_38_initial_bw,node_38_updated_bw,node_38_used_bw,node_38_gpu_type,node_39_jobs,node_39_utility,node_39_initial_gpu,node_39_updated_gpu,node_39_used_gpu,node_39_initial_cpu,node_39_updated_cpu,node_39_used_cpu,node_39_initial_bw,node_39_updated_bw,node_39_used_bw,node_39_gpu_type,node_40_jobs,node_40_utility,node_40_initial_gpu,node_40_updated_gpu,node_40_used_gpu,node_40_initial_cpu,node_40_updated_cpu,node_40_used_cpu,node_40_initial_bw,node_40_updated_bw,node_40_used_bw,node_40_gpu_type,node_41_jobs,node_41_utility,node_41_initial_gpu,node_41_updated_gpu,node_41_used_gpu,node_41_initial_cpu,node_41_updated_cpu,node_41_used_cpu,node_41_initial_bw,node_41_updated_bw,node_41_used_bw,node_41_gpu_type,node_42_jobs,node_42_utility,node_42_initial_gpu,node_42_updated_gpu,node_42_used_gpu,node_42_initial_cpu,node_42_updated_cpu,node_42_used_cpu,node_42_initial_bw,node_42_updated_bw,node_42_used_bw,node_42_gpu_type,node_43_jobs,node_43_utility,node_43_initial_gpu,node_43_updated_gpu,node_43_used_gpu,node_43_initial_cpu,node_43_updated_cpu,node_43_used_cpu,node_43_initial_bw,node_43_updated_bw,node_43_used_bw,node_43_gpu_type,node_44_jobs,node_44_utility,node_44_initial_gpu,node_44_updated_gpu,node_44_used_gpu,node_44_initial_cpu,node_44_updated_cpu,node_44_used_cpu,node_44_initial_bw,node_44_updated_bw,node_44_used_bw,node_44_gpu_type,node_45_jobs,node_45_utility,node_45_initial_gpu,node_45_updated_gpu,node_45_used_gpu,node_45_initial_cpu,node_45_updated_cpu,node_45_used_cpu,node_45_initial_bw,node_45_updated_bw,node_45_used_bw,node_45_gpu_type,node_46_jobs,node_46_utility,node_46_initial_gpu,node_46_updated_gpu,node_46_used_gpu,node_46_initial_cpu,node_46_updated_cpu,node_46_used_cpu,node_46_initial_bw,node_46_updated_bw,node_46_used_bw,node_46_gpu_type,node_47_jobs,node_47_utility,node_47_initial_gpu,node_47_updated_gpu,node_47_used_gpu,node_47_initial_cpu,node_47_updated_cpu,node_47_used_cpu,node_47_initial_bw,node_47_updated_bw,node_47_used_bw,node_47_gpu_type,node_48_jobs,node_48_utility,node_48_initial_gpu,node_48_updated_gpu,node_48_used_gpu,node_48_initial_cpu,node_48_updated_cpu,node_48_used_cpu,node_48_initial_bw,node_48_updated_bw,node_48_used_bw,node_48_gpu_type,node_49_jobs,node_49_utility,node_49_initial_gpu,node_49_updated_gpu,node_49_used_gpu,node_49_initial_cpu,node_49_updated_cpu,node_49_used_cpu,node_49_initial_bw,node_49_updated_bw,node_49_used_bw,node_49_gpu_type
50,100,0,0.00022363662719726562,1,0,0,0,0,0,8,8,0,96,96,0,100000000000,100000000000,0,GPUType.MISC,0,0,2,2,0,64,64,0,100000000000,100000000000,0,GPUType.P100,0,0,2,2,0,96,96,0,100000000000,100000000000,0,GPUType.T4,0,0,8,8,0,96,96,0,100000000000,100000000000,0,GPUType.MISC,0,0,2,2,0,96,96,0,100000000000,100000000000,0,GPUType.T4,0,0,2,2,0,96,96,0,100000000000,100000000000,0,GPUType.T4,0,0,2,2,0,96,96,0,100000000000,100000000000,0,GPUType.T4,0,0,8,8,0,96,96,0,100000000000,100000000000,0,GPUType.MISC,0,0,8,8,0,96,96,0,100000000000,100000000000,0,GPUType.MISC,0,0,2,2,0,64,64,0,100000000000,100000000000,0,GPUType.P100,0,0,8,8,0,96,96,0,100000000000,100000000000,0,GPUType.MISC,0,0,2,2,0,64,64,0,100000000000,100000000000,0,GPUType.P100,0,0,2,2,0,96,96,0,100000000000,100000000000,0,GPUType.T4,0,0,2,2,0,64,64,0,100000000000,100000000000,0,GPUType.P100,0,0,2,2,0,96,96,0,100000000000,100000000000,0,GPUType.T4,0,0,2,2,0,64,64,0,100000000000,100000000000,0,GPUType.P100,0,0,8,8,0,96,96,0,100000000000,100000000000,0,GPUType.MISC,0,0,2,2,0,64,64,0,100000000000,100000000000,0,GPUType.P100,0,0,2,2,0,96,96,0,100000000000,100000000000,0,GPUType.T4,0,0,2,2,0,96,96,0,100000000000,100000000000,0,GPUType.T4,0,0,2,2,0,64,64,0,100000000000,100000000000,0,GPUType.P100,0,0,8,8,0,96,96,0,100000000000,100000000000,0,GPUType.V100,0,0,8,8,0,96,96,0,100000000000,100000000000,0,GPUType.MISC,0,0,2,2,0,64,64,0,100000000000,100000000000,0,GPUType.P100,0,0,2,2,0,64,64,0,100000000000,100000000000,0,GPUType.P100,0,0,2,2,0,64,64,0,100000000000,100000000000,0,GPUType.P100,0,0,2,2,0,96,96,0,100000000000,100000000000,0,GPUType.T4,0,0,2,2,0,96,96,0,100000000000,100000000000,0,GPUType.T4,0,0,2,2,0,96,96,0,100000000000,100000000000,0,GPUType.T4,0,0,2,2,0,64,64,0,100000000000,100000000000,0,GPUType.P100,0,0,2,2,0,96,96,0,100000000000,100000000000,0,GPUType.T4,0,0,8,8,0,96,96,0,100000000000,100000000000,0,GPUType.MISC,0,0,8,8,0,96,96,0,100000000000,100000000000,0,GPUType.V100,0,0,2,2,0,64,64,0,100000000000,100000000000,0,GPUType.P100,0,0,2,2,0,64,64,0,100000000000,100000000000,0,GPUType.P100,0,0,8,8,0,96,96,0,100000000000,100000000000,0,GPUType.MISC,0,0,2,2,0,64,64,0,100000000000,100000000000,0,GPUType.P100,0,0,2,2,0,64,64,0,100000000000,100000000000,0,GPUType.P100,0,0,2,2,0,96,96,0,100000000000,100000000000,0,GPUType.T4,0,0,2,2,0,64,64,0,100000000000,100000000000,0,GPUType.P100,0,0,8,8,0,96,96,0,100000000000,100000000000,0,GPUType.V100,0,0,2,2,0,64,64,0,100000000000,100000000000,0,GPUType.P100,0,0,2,2,0,96,96,0,100000000000,100000000000,0,GPUType.T4,0,0,2,2,0,64,64,0,100000000000,100000000000,0,GPUType.P100,0,0,2,2,0,96,96,0,100000000000,100000000000,0,GPUType.T4,0,0,8,8,0,96,96,0,100000000000,100000000000,0,GPUType.MISC,0,0,2,2,0,64,64,0,100000000000,100000000000,0,GPUType.P100,0,0,2,2,0,96,96,0,100000000000,100000000000,0,GPUType.T4,0,0,2,2,0,96,96,0,100000000000,100000000000,0,GPUType.T4,0,0,2,2,0,96,96,0,100000000000,100000000000,0,GPUType.T4
50,100,15432,4.0506432056427,1,0,0,1,0,0,8,7.81,0.19,96,92.39,3.61,100000000000,100000000000.0,0,MISC,0,0,2,2.0,0,64,64.0,0,100000000000,100000000000.0,0,P100,0,0,2,1.79,0.21,96,90.38,5.62,100000000000,100000000000.0,0,T4,0,0,8,7.97,0,96,93.68,2.32,100000000000,100000000000.0,0,MISC,0,0,2,1.96,0,96,95.66,0.34,100000000000,100000000000.0,0,T4,0,0,2,1.75,0.25,96,90.0,6.0,100000000000,100000000000.0,0,T4,0,0,2,1.87,0.13,96,91.59,4.41,100000000000,100000000000.0,0,T4,0,0,8,7.0,1.0,96,90.0,6.0,100000000000,100000000000.0,0,MISC,0,0,8,6.99,1.01,96,77.94,18.06,100000000000,100000000000.0,0,MISC,0,0,2,1.0,1.0,64,58.0,6.0,100000000000,100000000000.0,0,P100,0,0,8,7.75,0.25,96,90.0,6.0,100000000000,100000000000.0,0,MISC,0,0,2,2.0,0,64,64.0,0,100000000000,100000000000.0,0,P100,0,0,2,2.0,0,96,96.0,0,100000000000,100000000000.0,0,T4,0,0,2,2.0,0,64,64.0,0,100000000000,100000000000.0,0,P100,0,0,2,2.0,0,96,96.0,0,100000000000,100000000000.0,0,T4,0,0,2,2.0,0,64,64.0,0,100000000000,100000000000.0,0,P100,0,0,8,7.99,0,96,96.0,0,100000000000,100000000000.0,0,MISC,0,0,2,2.0,0,64,64.0,0,100000000000,100000000000.0,0,P100,0,0,2,1.99,0,96,95.96,0,100000000000,100000000000.0,0,T4,0,0,2,2.0,0,96,96.0,0,100000000000,100000000000.0,0,T4,0,0,2,2.0,0,64,64.0,0,100000000000,100000000000.0,0,P100,0,0,8,8.0,0,96,96.0,0,100000000000,100000000000.0,0,V100,0,0,8,8.0,0,96,96.0,0,100000000000,100000000000.0,0,MISC,0,0,2,2.0,0,64,64.0,0,100000000000,100000000000.0,0,P100,0,0,2,2.0,0,64,64.0,0,100000000000,100000000000.0,0,P100,0,0,2,2.0,0,64,64.0,0,100000000000,100000000000.0,0,P100,0,0,2,2.0,0,96,96.0,0,100000000000,100000000000.0,0,T4,0,0,2,1.75,0.25,96,90.0,6.0,100000000000,100000000000.0,0,T4,0,0,2,1.75,0.25,96,90.0,6.0,100000000000,100000000000.0,0,T4,0,0,2,2.0,0,64,64.0,0,100000000000,100000000000.0,0,P100,0,0,2,1.63,0.37,96,90.41,5.59,100000000000,100000000000.0,0,T4,0,0,8,8.0,0,96,96.0,0,100000000000,100000000000.0,0,MISC,0,0,8,8.0,0,96,96.0,0,100000000000,100000000000.0,0,V100,0,0,2,2.0,0,64,64.0,0,100000000000,100000000000.0,0,P100,0,0,2,2.0,0,64,64.0,0,100000000000,100000000000.0,0,P100,0,0,8,8.0,0,96,96.0,0,100000000000,100000000000.0,0,MISC,0,0,2,2.0,0,64,64.0,0,100000000000,100000000000.0,0,P100,0,0,2,2.0,0,64,64.0,0,100000000000,100000000000.0,0,P100,0,0,2,2.0,0,96,96.0,0,100000000000,100000000000.0,0,T4,0,0,2,2.0,0,64,64.0,0,100000000000,100000000000.0,0,P100,0,0,8,8.0,0,96,96.0,0,100000000000,100000000000.0,0,V100,0,0,2,2.0,0,64,64.0,0,100000000000,100000000000.0,0,P100,0,0,2,2.0,0,96,96.0,0,100000000000,100000000000.0,0,T4,0,0,2,2.0,0,64,64.0,0,100000000000,100000000000.0,0,P100,0,0,2,2.0,0,96,96.0,0,100000000000,100000000000.0,0,T4,0,0,8,8.0,0,96,96.0,0,100000000000,100000000000.0,0,MISC,0,0,2,2.0,0,64,64.0,0,100000000000,100000000000.0,0,P100,0,0,2,2.0,0,96,96.0,0,100000000000,100000000000.0,0,T4,0,0,2,2.0,0,96,96.0,0,100000000000,100000000000.0,0,T4,0,0,2,2.0,0,96,96.0,0,100000000000,100000000000.0,0,T4
50,100,27238,3.370779037475586,1,0,0,2,0,0,8,7.41,0.59,96,85.39,10.61,100000000000,100000000000.0,0,MISC,0,0,2,1.0,1.0,64,58.0,6.0,100000000000,100000000000.0,0,P100,0,0,2,1.79,0.21,96,90.38,5.62,100000000000,100000000000.0,0,T4,0,0,8,7.96,0,96,93.2,2.8,100000000000,100000000000.0,0,MISC,0,0,2,1.96,0,96,95.66,0.34,100000000000,100000000000.0,0,T4,0,0,2,1.75,0.25,96,90.0,6.0,100000000000,100000000000.0,0,T4,0,0,2,1.87,0.13,96,91.59,4.41,100000000000,100000000000.0,0,T4,0,0,8,7.0,1.0,96,90.0,6.0,100000000000,100000000000.0,0,MISC,0,0,8,6.99,1.01,96,77.94,18.06,100000000000,100000000000.0,0,MISC,0,0,2,1.0,1.0,64,58.0,6.0,100000000000,100000000000.0,0,P100,0,0,8,7.75,0.25,96,90.0,6.0,100000000000,100000000000.0,0,MISC,0,0,2,2.0,0,64,64.0,0,100000000000,100000000000.0,0,P100,0,0,2,1.0,1.0,96,90.0,6.0,100000000000,100000000000.0,0,T4,0,0,2,2.0,0,64,64.0,0,100000000000,100000000000.0,0,P100,0,0,2,1.29,0.71,96,91.5,4.5,100000000000,100000000000.0,0,T4,0,0,2,2.0,0,64,64.0,0,100000000000,100000000000.0,0,P100,0,0,8,7.99,0,96,96.0,0,100000000000,100000000000.0,0,MISC,0,0,2,2.0,0,64,64.0,0,100000000000,100000000000.0,0,P100,0,0,2,1.99,0,96,95.96,0,100000000000,100000000000.0,0,T4,0,0,2,1.81,0.19,96,95.75,0.25,100000000000,100000000000.0,0,T4,0,0,2,2.0,0,64,64.0,0,100000000000,100000000000.0,0,P100,0,0,8,8.0,0,96,96.0,0,100000000000,100000000000.0,0,V100,0,0,8,7.0,1.0,96,90.0,6.0,100000000000,100000000000.0,0,MISC,0,0,2,2.0,0,64,64.0,0,100000000000,100000000000.0,0,P100,0,0,2,2.0,0,64,64.0,0,100000000000,100000000000.0,0,P100,0,0,2,2.0,0,64,64.0,0,100000000000,100000000000.0,0,P100,0,0,2,1.75,0.25,96,90.0,6.0,100000000000,100000000000.0,0,T4,0,0,2,1.75,0.25,96,90.0,6.0,100000000000,100000000000.0,0,T4,0,0,2,1.75,0.25,96,90.0,6.0,100000000000,100000000000.0,0,T4,0,0,2,2.0,0,64,64.0,0,100000000000,100000000000.0,0,P100,0,0,2,1.63,0.37,96,90.41,5.59,100000000000,100000000000.0,0,T4,0,0,8,7.09,0.91,96,85.47,10.53,100000000000,100000000000.0,0,MISC,0,0,8,8.0,0,96,96.0,0,100000000000,100000000000.0,0,V100,0,0,2,2.0,0,64,64.0,0,100000000000,100000000000.0,0,P100,0,0,2,2.0,0,64,64.0,0,100000000000,100000000000.0,0,P100,0,0,8,7.5,0.5,96,90.0,6.0,100000000000,100000000000.0,0,MISC,0,0,2,2.0,0,64,64.0,0,100000000000,100000000000.0,0,P100,0,0,2,2.0,0,64,64.0,0,100000000000,100000000000.0,0,P100,0,0,2,2.0,0,96,96.0,0,100000000000,100000000000.0,0,T4,0,0,2,2.0,0,64,64.0,0,100000000000,100000000000.0,0,P100,0,0,8,8.0,0,96,96.0,0,100000000000,100000000000.0,0,V100,0,0,2,2.0,0,64,64.0,0,100000000000,100000000000.0,0,P100,0,0,2,1.9,0.1,96,94.75,1.25,100000000000,100000000000.0,0,T4,0,0,2,2.0,0,64,64.0,0,100000000000,100000000000.0,0,P100,0,0,2,2.0,0,96,96.0,0,100000000000,100000000000.0,0,T4,0,0,8,7.81,0.19,96,95.0,1.0,100000000000,100000000000.0,0,MISC,0,0,2,2.0,0,64,64.0,0,100000000000,100000000000.0,0,P100,0,0,2,2.0,0,96,96.0,0,100000000000,100000000000.0,0,T4,0,0,2,2.0,0,96,96.0,0,100000000000,100000000000.0,0,T4,0,0,2,2.0,0,96,96.0,0,100000000000,100000000000.0,0,T4
50,100,48522,5.271008491516113,1,0,0,3,0,0,8,7.38,0.62,96,84.44,11.56,100000000000,100000000000.0,0,MISC,0,0,2,1.0,1.0,64,58.0,6.0,100000000000,100000000000.0,0,P100,0,0,2,1.79,0.21,96,90.38,5.62,100000000000,100000000000.0,0,T4,0,0,8,7.96,0,96,93.2,2.8,100000000000,100000000000.0,0,MISC,0,0,2,1.96,0,96,95.66,0.34,100000000000,100000000000.0,0,T4,0,0,2,1.75,0.25,96,90.0,6.0,100000000000,100000000000.0,0,T4,0,0,2,1.87,0.13,96,91.59,4.41,100000000000,100000000000.0,0,T4,0,0,8,7.0,1.0,96,90.0,6.0,100000000000,100000000000.0,0,MISC,0,0,8,6.99,1.01,96,77.94,18.06,100000000000,100000000000.0,0,MISC,0,0,2,1.0,1.0,64,58.0,6.0,100000000000,100000000000.0,0,P100,0,0,8,7.61,0.39,96,83.2,12.8,100000000000,100000000000.0,0,MISC,0,0,2,1.82,0.18,64,63.44,0.56,100000000000,100000000000.0,0,P100,0,0,2,1.0,1.0,96,90.0,6.0,100000000000,100000000000.0,0,T4,0,0,2,2.0,0,64,64.0,0,100000000000,100000000000.0,0,P100,0,0,2,1.29,0.71,96,91.5,4.5,100000000000,100000000000.0,0,T4,0,0,2,2.0,0,64,64.0,0,100000000000,100000000000.0,0,P100,0,0,8,6.99,1.01,96,90.0,6.0,100000000000,100000000000.0,0,MISC,0,0,2,2.0,0,64,64.0,0,100000000000,100000000000.0,0,P100,0,0,2,1.99,0,96,95.96,0,100000000000,100000000000.0,0,T4,0,0,2,1.81,0.19,96,95.75,0.25,100000000000,100000000000.0,0,T4,0,0,2,2.0,0,64,64.0,0,100000000000,100000000000.0,0,P100,0,0,8,8.0,0,96,94.75,1.25,100000000000,100000000000.0,0,V100,0,0,8,7.0,1.0,96,90.0,6.0,100000000000,100000000000.0,0,MISC,0,0,2,2.0,0,64,64.0,0,100000000000,100000000000.0,0,P100,0,0,2,1.86,0.14,64,63.86,0.14,100000000000,100000000000.0,0,P100,0,0,2,2.0,0,64,64.0,0,100000000000,100000000000.0,0,P100,0,0,2,1.53,0.47,96,88.15,7.85,100000000000,100000000000.0,0,T4,0,0,2,1.72,0.28,96,87.88,8.12,100000000000,100000000000.0,0,T4,0,0,2,1.75,0.25,96,90.0,6.0,100000000000,100000000000.0,0,T4,0,0,2,2.0,0,64,64.0,0,100000000000,100000000000.0,0,P100,0,0,2,1.63,0.37,96,90.41,5.59,100000000000,100000000000.0,0,T4,0,0,8,7.09,0.91,96,85.47,10.53,100000000000,100000000000.0,0,MISC,0,0,8,7.31,0.69,96,81.99,14.01,100000000000,100000000000.0,0,V100,0,0,2,2.0,0,64,64.0,0,100000000000,100000000000.0,0,P100,0,0,2,2.0,0,64,64.0,0,100000000000,100000000000.0,0,P100,0,0,8,7.5,0.5,96,90.0,6.0,100000000000,100000000000.0,0,MISC,0,0,2,2.0,0,64,64.0,0,100000000000,100000000000.0,0,P100,0,0,2,2.0,0,64,64.0,0,100000000000,100000000000.0,0,P100,0,0,2,1.75,0.25,96,90.0,6.0,100000000000,100000000000.0,0,T4,0,0,2,1.32,0.68,64,58.69,5.31,100000000000,100000000000.0,0,P100,0,0,8,7.69,0.31,96,92.01,3.99,100000000000,100000000000.0,0,V100,0,0,2,2.0,0,64,64.0,0,100000000000,100000000000.0,0,P100,0,0,2,1.9,0.1,96,94.75,1.25,100000000000,100000000000.0,0,T4,0,0,2,2.0,0,64,64.0,0,100000000000,100000000000.0,0,P100,0,0,2,2.0,0,96,93.97,2.03,100000000000,100000000000.0,0,T4,0,0,8,5.93,2.07,96,68.0,28.0,100000000000,100000000000.0,0,MISC,0,0,2,2.0,0,64,64.0,0,100000000000,100000000000.0,0,P100,0,0,2,1.96,0,96,93.66,2.34,100000000000,100000000000.0,0,T4,0,0,2,1.79,0.21,96,92.34,3.66,100000000000,100000000000.0,0,T4,0,0,2,2.0,0,96,96.0,0,100000000000,100000000000.0,0,T4
50,100,65532,4.427393674850464,1,0,0,4,0,0,8,7.04,0.96,96,83.6,12.4,100000000000,100000000000.0,0,MISC,0,0,2,1.0,1.0,64,58.0,6.0,100000000000,100000000000.0,0,P100,0,0,2,1.79,0.21,96,90.38,5.62,100000000000,100000000000.0,0,T4,0,0,8,6.51,1.49,96,85.93,10.07,100000000000,100000000000.0,0,MISC,0,0,2,1.96,0,96,95.66,0.34,100000000000,100000000000.0,0,T4,0,0,2,1.75,0.25,96,90.0,6.0,100000000000,100000000000.0,0,T4,0,0,2,1.87,0.13,96,91.59,4.41,100000000000,100000000000.0,0,T4,0,0,8,6.0,2.0,96,84.0,12.0,100000000000,100000000000.0,0,MISC,0,0,8,6.81,1.19,96,77.63,18.37,100000000000,100000000000.0,0,MISC,0,0,2,1.0,1.0,64,58.0,6.0,100000000000,100000000000.0,0,P100,0,0,8,6.81,1.19,96,71.38,24.62,100000000000,100000000000.0,0,MISC,0,0,2,1.82,0.18,64,63.44,0.56,100000000000,100000000000.0,0,P100,0,0,2,1.0,1.0,96,90.0,6.0,100000000000,100000000000.0,0,T4,0,0,2,2.0,0,64,64.0,0,100000000000,100000000000.0,0,P100,0,0,2,1.29,0.71,96,91.5,4.5,100000000000,100000000000.0,0,T4,0,0,2,2.0,0,64,64.0,0,100000000000,100000000000.0,0,P100,0,0,8,6.99,1.01,96,90.0,6.0,100000000000,100000000000.0,0,MISC,0,0,2,2.0,0,64,64.0,0,100000000000,100000000000.0,0,P100,0,0,2,1.3,0.7,96,89.82,6.18,100000000000,100000000000.0,0,T4,0,0,2,1.81,0.19,96,95.75,0.25,100000000000,100000000000.0,0,T4,0,0,2,2.0,0,64,64.0,0,100000000000,100000000000.0,0,P100,0,0,8,8.0,0,96,94.75,1.25,100000000000,100000000000.0,0,V100,0,0,8,6.97,1.03,96,89.91,6.09,100000000000,100000000000.0,0,MISC,0,0,2,2.0,0,64,64.0,0,100000000000,100000000000.0,0,P100,0,0,2,1.86,0.14,64,63.86,0.14,100000000000,100000000000.0,0,P100,0,0,2,2.0,0,64,64.0,0,100000000000,100000000000.0,0,P100,0,0,2,1.53,0.47,96,88.15,7.85,100000000000,100000000000.0,0,T4,0,0,2,1.72,0.28,96,87.88,8.12,100000000000,100000000000.0,0,T4,0,0,2,1.75,0.25,96,90.0,6.0,100000000000,100000000000.0,0,T4,0,0,2,2.0,0,64,64.0,0,100000000000,100000000000.0,0,P100,0,0,2,1.63,0.37,96,90.41,5.59,100000000000,100000000000.0,0,T4,0,0,8,6.43,1.57,96,81.4,14.6,100000000000,100000000000.0,0,MISC,0,0,8,2.25,5.75,96,75.75,20.25,100000000000,100000000000.0,0,V100,0,0,2,2.0,0,64,64.0,0,100000000000,100000000000.0,0,P100,0,0,2,2.0,0,64,64.0,0,100000000000,100000000000.0,0,P100,0,0,8,7.5,0.5,96,90.0,6.0,100000000000,100000000000.0,0,MISC,0,0,2,2.0,0,64,64.0,0,100000000000,100000000000.0,0,P100,0,0,2,2.0,0,64,64.0,0,100000000000,100000000000.0,0,P100,0,0,2,1.75,0.25,96,90.0,6.0,100000000000,100000000000.0,0,T4,0,0,2,1.32,0.68,64,58.69,5.31,100000000000,100000000000.0,0,P100,0,0,8,7.5,0.5,96,91.75,4.25,100000000000,100000000000.0,0,V100,0,0,2,2.0,0,64,64.0,0,100000000000,100000000000.0,0,P100,0,0,2,1.9,0.1,96,94.75,1.25,100000000000,100000000000.0,0,T4,0,0,2,2.0,0,64,64.0,0,100000000000,100000000000.0,0,P100,0,0,2,1.69,0.31,96,84.12,11.88,100000000000,100000000000.0,0,T4,0,0,8,5.93,2.07,96,68.0,28.0,100000000000,100000000000.0,0,MISC,0,0,2,2.0,0,64,64.0,0,100000000000,100000000000.0,0,P100,0,0,2,1.96,0,96,93.66,2.34,100000000000,100000000000.0,0,T4,0,0,2,1.79,0.21,96,92.34,3.66,100000000000,100000000000.0,0,T4,0,0,2,2.0,0,96,96.0,0,100000000000,100000000000.0,0,T4
50,100,83828,4.709494113922119,1,0,0,5,0,0,8,7.01,0.99,96,81.48,14.52,100000000000,100000000000.0,0,MISC,0,0,2,1.0,1.0,64,58.0,6.0,100000000000,100000000000.0,0,P100,0,0,2,1.79,0.21,96,90.38,5.62,100000000000,100000000000.0,0,T4,0,0,8,6.51,1.49,96,85.93,10.07,100000000000,100000000000.0,0,MISC,0,0,2,1.96,0,96,95.66,0.34,100000000000,100000000000.0,0,T4,0,0,2,1.75,0.25,96,90.0,6.0,100000000000,100000000000.0,0,T4,0,0,2,1.77,0.23,96,86.77,9.23,100000000000,100000000000.0,0,T4,0,0,8,6.0,2.0,96,84.0,12.0,100000000000,100000000000.0,0,MISC,0,0,8,6.81,1.19,96,77.63,18.37,100000000000,100000000000.0,0,MISC,0,0,2,1.0,1.0,64,58.0,6.0,100000000000,100000000000.0,0,P100,0,0,8,6.69,1.31,96,65.35,30.65,100000000000,100000000000.0,0,MISC,0,0,2,1.82,0.18,64,63.44,0.56,100000000000,100000000000.0,0,P100,0,0,2,1.0,1.0,96,90.0,6.0,100000000000,100000000000.0,0,T4,0,0,2,2.0,0,64,64.0,0,100000000000,100000000000.0,0,P100,0,0,2,1.29,0.71,96,91.5,4.5,100000000000,100000000000.0,0,T4,0,0,2,2.0,0,64,64.0,0,100000000000,100000000000.0,0,P100,0,0,8,6.3,1.7,96,84.54,11.46,100000000000,100000000000.0,0,MISC,0,0,2,2.0,0,64,64.0,0,100000000000,100000000000.0,0,P100,0,0,2,1.3,0.7,96,89.82,6.18,100000000000,100000000000.0,0,T4,0,0,2,1.81,0.19,96,95.75,0.25,100000000000,100000000000.0,0,T4,0,0,2,1.0,1.0,64,58.0,6.0,100000000000,100000000000.0,0,P100,0,0,8,7.01,0.99,96,71.4,24.6,100000000000,100000000000.0,0,V100,0,0,8,6.57,1.43,96,87.68,8.32,100000000000,100000000000.0,0,MISC,0,0,2,2.0,0,64,64.0,0,100000000000,100000000000.0,0,P100,0,0,2,1.86,0.14,64,63.86,0.14,100000000000,100000000000.0,0,P100,0,0,2,2.0,0,64,64.0,0,100000000000,100000000000.0,0,P100,0,0,2,1.53,0.47,96,88.15,7.85,100000000000,100000000000.0,0,T4,0,0,2,1.72,0.28,96,87.88,8.12,100000000000,100000000000.0,0,T4,0,0,2,1.75,0.25,96,90.0,6.0,100000000000,100000000000.0,0,T4,0,0,2,2.0,0,64,64.0,0,100000000000,100000000000.0,0,P100,0,0,2,1.63,0.37,96,90.41,5.59,100000000000,100000000000.0,0,T4,0,0,8,6.43,1.57,96,81.4,14.6,100000000000,100000000000.0,0,MISC,0,0,8,2.25,5.75,96,75.75,20.25,100000000000,100000000000.0,0,V100,0,0,2,2.0,0,64,64.0,0,100000000000,100000000000.0,0,P100,0,0,2,2.0,0,64,64.0,0,100000000000,100000000000.0,0,P100,0,0,8,6.38,1.62,96,76.99,19.01,100000000000,100000000000.0,0,MISC,0,0,2,2.0,0,64,64.0,0,100000000000,100000000000.0,0,P100,0,0,2,2.0,0,64,64.0,0,100000000000,100000000000.0,0,P100,0,0,2,1.75,0.25,96,90.0,6.0,100000000000,100000000000.0,0,T4,0,0,2,1.32,0.68,64,58.69,5.31,100000000000,100000000000.0,0,P100,0,0,8,7.5,0.5,96,91.75,4.25,100000000000,100000000000.0,0,V100,0,0,2,2.0,0,64,64.0,0,100000000000,100000000000.0,0,P100,0,0,2,1.9,0.1,96,94.75,1.25,100000000000,100000000000.0,0,T4,0,0,2,2.0,0,64,64.0,0,100000000000,100000000000.0,0,P100,0,0,2,1.54,0.46,96,82.93,13.07,100000000000,100000000000.0,0,T4,0,0,8,5.93,2.07,96,68.0,28.0,100000000000,100000000000.0,0,MISC,0,0,2,2.0,0,64,64.0,0,100000000000,100000000000.0,0,P100,0,0,2,1.96,0,96,93.66,2.34,100000000000,100000000000.0,0,T4,0,0,2,1.54,0.46,96,86.34,9.66,100000000000,100000000000.0,0,T4,0,0,2,1.0,1.0,96,90.0,6.0,100000000000,100000000000.0,0,T4
50,100,100252,4.340559482574463,1,0,0,6,0,0,8,6.01,1.99,96,63.48,32.52,100000000000,100000000000.0,0,MISC,0,0,2,1.0,1.0,64,58.0,6.0,100000000000,100000000000.0,0,P100,0,0,2,1.52,0.48,96,85.85,10.15,100000000000,100000000000.0,0,T4,0,0,8,6.51,1.49,96,85.93,10.07,100000000000,100000000000.0,0,MISC,0,0,2,1.46,0.54,96,85.66,10.34,100000000000,100000000000.0,0,T4,0,0,2,1.75,0.25,96,90.0,6.0,100000000000,100000000000.0,0,T4,0,0,2,1.77,0.23,96,86.77,9.23,100000000000,100000000000.0,0,T4,0,0,8,5.0,3.0,96,78.0,18.0,100000000000,100000000000.0,0,MISC,0,0,8,5.18,2.82,96,60.86,35.14,100000000000,100000000000.0,0,MISC,0,0,2,1.0,1.0,64,58.0,6.0,100000000000,100000000000.0,0,P100,0,0,8,6.69,1.31,96,65.35,30.65,100000000000,100000000000.0,0,MISC,0,0,2,1.82,0.18,64,63.44,0.56,100000000000,100000000000.0,0,P100,0,0,2,1.0,1.0,96,90.0,6.0,100000000000,100000000000.0,0,T4,0,0,2,2.0,0,64,64.0,0,100000000000,100000000000.0,0,P100,0,0,2,1.29,0.71,96,91.5,4.5,100000000000,100000000000.0,0,T4,0,0,2,2.0,0,64,64.0,0,100000000000,100000000000.0,0,P100,0,0,8,6.3,1.7,96,84.54,11.46,100000000000,100000000000.0,0,MISC,0,0,2,2.0,0,64,64.0,0,100000000000,100000000000.0,0,P100,0,0,2,1.3,0.7,96,89.82,6.18,100000000000,100000000000.0,0,T4,0,0,2,1.81,0.19,96,95.75,0.25,100000000000,100000000000.0,0,T4,0,0,2,1.0,1.0,64,58.0,6.0,100000000000,100000000000.0,0,P100,0,0,8,6.91,1.09,96,65.4,30.6,100000000000,100000000000.0,0,V100,0,0,8,6.51,1.49,96,87.48,8.52,100000000000,100000000000.0,0,MISC,0,0,2,2.0,0,64,64.0,0,100000000000,100000000000.0,0,P100,0,0,2,1.86,0.14,64,63.86,0.14,100000000000,100000000000.0,0,P100,0,0,2,2.0,0,64,64.0,0,100000000000,100000000000.0,0,P100,0,0,2,1.34,0.66,96,81.62,14.38,100000000000,100000000000.0,0,T4,0,0,2,1.72,0.28,96,87.88,8.12,100000000000,100000000000.0,0,T4,0,0,2,1.75,0.25,96,90.0,6.0,100000000000,100000000000.0,0,T4,0,0,2,2.0,0,64,64.0,0,100000000000,100000000000.0,0,P100,0,0,2,1.24,0.76,96,86.22,9.78,100000000000,100000000000.0,0,T4,0,0,8,6.39,1.61,96,80.36,15.64,100000000000,100000000000.0,0,MISC,0,0,8,2.25,5.75,96,75.75,20.25,100000000000,100000000000.0,0,V100,0,0,2,2.0,0,64,64.0,0,100000000000,100000000000.0,0,P100,0,0,2,2.0,0,64,64.0,0,100000000000,100000000000.0,0,P100,0,0,8,6.38,1.62,96,76.99,19.01,100000000000,100000000000.0,0,MISC,0,0,2,2.0,0,64,64.0,0,100000000000,100000000000.0,0,P100,0,0,2,2.0,0,64,64.0,0,100000000000,100000000000.0,0,P100,0,0,2,1.75,0.25,96,90.0,6.0,100000000000,100000000000.0,0,T4,0,0,2,1.32,0.68,64,58.69,5.31,100000000000,100000000000.0,0,P100,0,0,8,6.5,1.5,96,85.75,10.25,100000000000,100000000000.0,0,V100,0,0,2,2.0,0,64,64.0,0,100000000000,100000000000.0,0,P100,0,0,2,1.17,0.83,96,87.29,8.71,100000000000,100000000000.0,0,T4,0,0,2,2.0,0,64,64.0,0,100000000000,100000000000.0,0,P100,0,0,2,1.54,0.46,96,82.93,13.07,100000000000,100000000000.0,0,T4,0,0,8,5.93,2.07,96,68.0,28.0,100000000000,100000000000.0,0,MISC,0,0,2,2.0,0,64,64.0,0,100000000000,100000000000.0,0,P100,0,0,2,1.63,0.37,96,90.52,5.48,100000000000,100000000000.0,0,T4,0,0,2,1.45,0.55,96,84.2,11.8,100000000000,100000000000.0,0,T4,0,0,2,1.0,1.0,96,90.0,6.0,100000000000,100000000000.0,0,T4
50,100,125060,6.000932931900024,1,0,0,7,0,0,8,6.01,1.99,96,63.48,32.52,100000000000,100000000000.0,0,MISC,0,0,2,1.0,1.0,64,58.0,6.0,100000000000,100000000000.0,0,P100,0,0,2,1.52,0.48,96,85.85,10.15,100000000000,100000000000.0,0,T4,0,0,8,6.49,1.51,96,82.92,13.08,100000000000,100000000000.0,0,MISC,0,0,2,1.36,0.64,96,80.88,15.12,100000000000,100000000000.0,0,T4,0,0,2,1.75,0.25,96,90.0,6.0,100000000000,100000000000.0,0,T4,0,0,2,1.27,0.73,96,76.77,19.23,100000000000,100000000000.0,0,T4,0,0,8,5.0,3.0,96,78.0,18.0,100000000000,100000000000.0,0,MISC,0,0,8,5.18,2.82,96,60.86,35.14,100000000000,100000000000.0,0,MISC,0,0,2,1.0,1.0,64,58.0,6.0,100000000000,100000000000.0,0,P100,0,0,8,5.68,2.32,96,53.88,42.12,100000000000,100000000000.0,0,MISC,0,0,2,1.82,0.18,64,63.44,0.56,100000000000,100000000000.0,0,P100,0,0,2,1.0,1.0,96,90.0,6.0,100000000000,100000000000.0,0,T4,0,0,2,2.0,0,64,64.0,0,100000000000,100000000000.0,0,P100,0,0,2,1.29,0.71,96,91.5,4.5,100000000000,100000000000.0,0,T4,0,0,2,2.0,0,64,64.0,0,100000000000,100000000000.0,0,P100,0,0,8,6.22,1.78,96,82.76,13.24,100000000000,100000000000.0,0,MISC,0,0,2,2.0,0,64,64.0,0,100000000000,100000000000.0,0,P100,0,0,2,1.3,0.7,96,89.82,6.18,100000000000,100000000000.0,0,T4,0,0,2,1.61,0.39,96,93.36,2.64,100000000000,100000000000.0,0,T4,0,0,2,1.0,1.0,64,58.0,6.0,100000000000,100000000000.0,0,P100,0,0,8,5.33,2.67,96,50.36,45.64,100000000000,100000000000.0,0,V100,0,0,8,5.51,2.49,96,81.48,14.52,100000000000,100000000000.0,0,MISC,0,0,2,2.0,0,64,64.0,0,100000000000,100000000000.0,0,P100,0,0,2,1.86,0.14,64,63.86,0.14,100000000000,100000000000.0,0,P100,0,0,2,2.0,0,64,64.0,0,100000000000,100000000000.0,0,P100,0,0,2,1.34,0.66,96,81.62,14.38,100000000000,100000000000.0,0,T4,0,0,2,0.92,1.08,96,86.67,9.33,100000000000,100000000000.0,0,T4,0,0,2,1.02,0.98,96,88.54,7.46,100000000000,100000000000.0,0,T4,0,0,2,2.0,0,64,64.0,0,100000000000,100000000000.0,0,P100,0,0,2,1.24,0.76,96,86.22,9.78,100000000000,100000000000.0,0,T4,0,0,8,6.39,1.61,96,80.36,15.64,100000000000,100000000000.0,0,MISC,0,0,8,2.25,5.75,96,75.75,20.25,100000000000,100000000000.0,0,V100,0,0,2,2.0,0,64,64.0,0,100000000000,100000000000.0,0,P100,0,0,2,2.0,0,64,64.0,0,100000000000,100000000000.0,0,P100,0,0,8,6.36,1.64,96,74.03,21.97,100000000000,100000000000.0,0,MISC,0,0,2,2.0,0,64,64.0,0,100000000000,100000000000.0,0,P100,0,0,2,2.0,0,64,64.0,0,100000000000,100000000000.0,0,P100,0,0,2,1.75,0.25,96,90.0,6.0,100000000000,100000000000.0,0,T4,0,0,2,1.32,0.68,64,58.69,5.31,100000000000,100000000000.0,0,P100,0,0,8,6.5,1.5,96,85.75,10.25,100000000000,100000000000.0,0,V100,0,0,2,2.0,0,64,64.0,0,100000000000,100000000000.0,0,P100,0,0,2,0.78,1.22,96,86.69,9.31,100000000000,100000000000.0,0,T4,0,0,2,2.0,0,64,64.0,0,100000000000,100000000000.0,0,P100,0,0,2,1.25,0.75,96,81.36,14.64,100000000000,100000000000.0,0,T4,0,0,8,5.93,2.07,96,66.28,29.72,100000000000,100000000000.0,0,MISC,0,0,2,2.0,0,64,64.0,0,100000000000,100000000000.0,0,P100,0,0,2,1.63,0.37,96,90.52,5.48,100000000000,100000000000.0,0,T4,0,0,2,1.45,0.55,96,84.2,11.8,100000000000,100000000000.0,0,T4,0,0,2,1.0,1.0,96,90.0,6.0,100000000000,100000000000.0,0,T4
50,100,141988,4.807923793792725,1,0,0,8,0,0,8,6.01,1.99,96,63.48,32.52,100000000000,100000000000.0,0,MISC,0,0,2,1.0,1.0,64,58.0,6.0,100000000000,100000000000.0,0,P100,0,0,2,1.52,0.48,96,85.62,10.38,100000000000,100000000000.0,0,T4,0,0,8,5.49,2.51,96,76.92,19.08,100000000000,100000000000.0,0,MISC,0,0,2,1.29,0.71,96,79.02,16.98,100000000000,100000000000.0,0,T4,0,0,2,1.75,0.25,96,90.0,6.0,100000000000,100000000000.0,0,T4,0,0,2,1.27,0.73,96,76.76,19.24,100000000000,100000000000.0,0,T4,0,0,8,4.07,3.93,96,75.48,20.52,100000000000,100000000000.0,0,MISC,0,0,8,4.68,3.32,96,48.86,47.14,100000000000,100000000000.0,0,MISC,0,0,2,1.0,1.0,64,58.0,6.0,100000000000,100000000000.0,0,P100,0,0,8,5.68,2.32,96,53.88,42.12,100000000000,100000000000.0,0,MISC,0,0,2,1.82,0.18,64,63.44,0.56,100000000000,100000000000.0,0,P100,0,0,2,1.0,1.0,96,90.0,6.0,100000000000,100000000000.0,0,T4,0,0,2,2.0,0,64,64.0,0,100000000000,100000000000.0,0,P100,0,0,2,1.29,0.71,96,91.5,4.5,100000000000,100000000000.0,0,T4,0,0,2,1.1,0.9,64,58.8,5.2,100000000000,100000000000.0,0,P100,0,0,8,6.22,1.78,96,82.76,13.24,100000000000,100000000000.0,0,MISC,0,0,2,1.9,0,64,63.2,0.8,100000000000,100000000000.0,0,P100,0,0,2,1.3,0.7,96,89.82,6.18,100000000000,100000000000.0,0,T4,0,0,2,1.49,0.51,96,91.94,4.06,100000000000,100000000000.0,0,T4,0,0,2,1.0,1.0,64,58.0,6.0,100000000000,100000000000.0,0,P100,0,0,8,5.33,2.67,96,50.36,45.64,100000000000,100000000000.0,0,V100,0,0,8,5.06,2.94,96,76.48,19.52,100000000000,100000000000.0,0,MISC,0,0,2,2.0,0,64,64.0,0,100000000000,100000000000.0,0,P100,0,0,2,1.86,0.14,64,63.86,0.14,100000000000,100000000000.0,0,P100,0,0,2,2.0,0,64,64.0,0,100000000000,100000000000.0,0,P100,0,0,2,1.34,0.66,96,81.62,14.38,100000000000,100000000000.0,0,T4,0,0,2,0.92,1.08,96,86.67,9.33,100000000000,100000000000.0,0,T4,0,0,2,1.02,0.98,96,88.54,7.46,100000000000,100000000000.0,0,T4,0,0,2,2.0,0,64,64.0,0,100000000000,100000000000.0,0,P100,0,0,2,1.24,0.76,96,86.22,9.78,100000000000,100000000000.0,0,T4,0,0,8,6.39,1.61,96,80.36,15.64,100000000000,100000000000.0,0,MISC,0,0,8,2.25,5.75,96,75.75,20.25,100000000000,100000000000.0,0,V100,0,0,2,2.0,0,64,64.0,0,100000000000,100000000000.0,0,P100,0,0,2,2.0,0,64,64.0,0,100000000000,100000000000.0,0,P100,0,0,8,5.52,2.48,96,69.47,26.53,100000000000,100000000000.0,0,MISC,0,0,2,2.0,0,64,64.0,0,100000000000,100000000000.0,0,P100,0,0,2,2.0,0,64,64.0,0,100000000000,100000000000.0,0,P100,0,0,2,1.31,0.69,96,88.51,7.49,100000000000,100000000000.0,0,T4,0,0,2,1.32,0.68,64,58.69,5.31,100000000000,100000000000.0,0,P100,0,0,8,6.44,1.56,96,84.27,11.73,100000000000,100000000000.0,0,V100,0,0,2,2.0,0,64,64.0,0,100000000000,100000000000.0,0,P100,0,0,2,0.78,1.22,96,86.69,9.31,100000000000,100000000000.0,0,T4,0,0,2,2.0,0,64,64.0,0,100000000000,100000000000.0,0,P100,0,0,2,1.25,0.75,96,81.36,14.64,100000000000,100000000000.0,0,T4,0,0,8,4.77,3.23,96,58.84,37.16,100000000000,100000000000.0,0,MISC,0,0,2,2.0,0,64,64.0,0,100000000000,100000000000.0,0,P100,0,0,2,1.27,0.73,96,89.51,6.49,100000000000,100000000000.0,0,T4,0,0,2,1.45,0.55,96,84.2,11.8,100000000000,100000000000.0,0,T4,0,0,2,1.0,1.0,96,90.0,6.0,100000000000,100000000000.0,0,T4
50,100,160380,5.203210115432739,1,0,0,9,0,0,8,5.88,2.12,96,60.3,35.7,100000000000,100000000000.0,0,MISC,0,0,2,1.0,1.0,64,58.0,6.0,100000000000,100000000000.0,0,P100,0,0,2,1.28,0.72,96,79.97,16.03,100000000000,100000000000.0,0,T4,0,0,8,5.48,2.52,96,76.51,19.49,100000000000,100000000000.0,0,MISC,0,0,2,1.29,0.71,96,79.02,16.98,100000000000,100000000000.0,0,T4,0,0,2,0.75,1.25,96,85.38,10.62,100000000000,100000000000.0,0,T4,0,0,2,1.27,0.73,96,76.76,19.24,100000000000,100000000000.0,0,T4,0,0,8,4.07,3.93,96,75.48,20.52,100000000000,100000000000.0,0,MISC,0,0,8,4.68,3.32,96,48.86,47.14,100000000000,100000000000.0,0,MISC,0,0,2,1.0,1.0,64,58.0,6.0,100000000000,100000000000.0,0,P100,0,0,8,5.24,2.76,96,39.88,56.12,100000000000,100000000000.0,0,MISC,0,0,2,1.82,0.18,64,63.44,0.56,100000000000,100000000000.0,0,P100,0,0,2,1.0,1.0,96,88.62,7.38,100000000000,100000000000.0,0,T4,0,0,2,1.79,0.21,64,61.4,2.6,100000000000,100000000000.0,0,P100,0,0,2,1.29,0.71,96,91.5,4.5,100000000000,100000000000.0,0,T4,0,0,2,1.1,0.9,64,58.8,5.2,100000000000,100000000000.0,0,P100,0,0,8,5.29,2.71,96,73.41,22.59,100000000000,100000000000.0,0,MISC,0,0,2,1.9,0,64,63.2,0.8,100000000000,100000000000.0,0,P100,0,0,2,1.3,0.7,96,89.82,6.18,100000000000,100000000000.0,0,T4,0,0,2,1.49,0.51,96,91.94,4.06,100000000000,100000000000.0,0,T4,0,0,2,1.0,1.0,64,58.0,6.0,100000000000,100000000000.0,0,P100,0,0,8,5.33,2.67,96,50.36,45.64,100000000000,100000000000.0,0,V100,0,0,8,5.06,2.94,96,76.48,19.52,100000000000,100000000000.0,0,MISC,0,0,2,2.0,0,64,64.0,0,100000000000,100000000000.0,0,P100,0,0,2,1.86,0.14,64,63.86,0.14,100000000000,100000000000.0,0,P100,0,0,2,1.41,0.59,64,50.11,13.89,100000000000,100000000000.0,0,P100,0,0,2,1.34,0.66,96,81.62,14.38,100000000000,100000000000.0,0,T4,0,0,2,0.92,1.08,96,86.67,9.33,100000000000,100000000000.0,0,T4,0,0,2,1.02,0.98,96,88.54,7.46,100000000000,100000000000.0,0,T4,0,0,2,2.0,0,64,64.0,0,100000000000,100000000000.0,0,P100,0,0,2,1.24,0.76,96,86.22,9.78,100000000000,100000000000.0,0,T4,0,0,8,5.63,2.37,96,67.65,28.35,100000000000,100000000000.0,0,MISC,0,0,8,2.25,5.75,96,75.75,20.25,100000000000,100000000000.0,0,V100,0,0,2,2.0,0,64,64.0,0,100000000000,100000000000.0,0,P100,0,0,2,2.0,0,64,64.0,0,100000000000,100000000000.0,0,P100,0,0,8,4.59,3.41,96,57.11,38.89,100000000000,100000000000.0,0,MISC,0,0,2,1.87,0.13,64,63.78,0.22,100000000000,100000000000.0,0,P100,0,0,2,2.0,0,64,64.0,0,100000000000,100000000000.0,0,P100,0,0,2,1.31,0.69,96,88.51,7.49,100000000000,100000000000.0,0,T4,0,0,2,1.32,0.68,64,58.69,5.31,100000000000,100000000000.0,0,P100,0,0,8,5.69,2.31,96,80.17,15.83,100000000000,100000000000.0,0,V100,0,0,2,2.0,0,64,64.0,0,100000000000,100000000000.0,0,P100,0,0,2,0.78,1.22,96,86.69,9.31,100000000000,100000000000.0,0,T4,0,0,2,1.92,0,64,62.7,1.3,100000000000,100000000000.0,0,P100,0,0,2,1.25,0.75,96,81.36,14.64,100000000000,100000000000.0,0,T4,0,0,8,4.77,3.23,96,58.84,37.16,100000000000,100000000000.0,0,MISC,0,0,2,2.0,0,64,64.0,0,100000000000,100000000000.0,0,P100,0,0,2,1.27,0.73,96,89.51,6.49,100000000000,100000000000.0,0,T4,0,0,2,1.44,0.56,96,83.86,12.14,100000000000,100000000000.0,0,T4,0,0,2,1.0,1.0,96,90.0,6.0,100000000000,100000000000.0,0,T4
50,100,183212,7.3608622550964355,1,0,0,10,0,0,8,3.95,4.05,96,50.04,45.96,100000000000,100000000000.0,0,MISC,0,0,2,1.0,1.0,64,58.0,6.0,100000000000,100000000000.0,0,P100,0,0,2,1.28,0.72,96,79.97,16.03,100000000000,100000000000.0,0,T4,0,0,8,5.48,2.52,96,75.31,20.69,100000000000,100000000000.0,0,MISC,0,0,2,1.29,0.71,96,79.02,16.98,100000000000,100000000000.0,0,T4,0,0,2,0.75,1.25,96,85.38,10.62,100000000000,100000000000.0,0,T4,0,0,2,1.27,0.73,96,76.76,19.24,100000000000,100000000000.0,0,T4,0,0,8,4.07,3.93,96,75.48,20.52,100000000000,100000000000.0,0,MISC,0,0,8,4.68,3.32,96,48.86,47.14,100000000000,100000000000.0,0,MISC,0,0,2,1.0,1.0,64,58.0,6.0,100000000000,100000000000.0,0,P100,0,0,8,2.88,5.12,96,21.02,74.98,100000000000,100000000000.0,0,MISC,0,0,2,1.82,0.18,64,63.44,0.56,100000000000,100000000000.0,0,P100,0,0,2,0.97,1.03,96,87.83,8.17,100000000000,100000000000.0,0,T4,0,0,2,1.79,0.21,64,61.4,2.6,100000000000,100000000000.0,0,P100,0,0,2,1.29,0.71,96,91.5,4.5,100000000000,100000000000.0,0,T4,0,0,2,1.1,0.9,64,58.8,5.2,100000000000,100000000000.0,0,P100,0,0,8,5.29,2.71,96,73.41,22.59,100000000000,100000000000.0,0,MISC,0,0,2,1.9,0,64,63.2,0.8,100000000000,100000000000.0,0,P100,0,0,2,1.3,0.7,96,89.82,6.18,100000000000,100000000000.0,0,T4,0,0,2,0.82,1.18,96,90.14,5.86,100000000000,100000000000.0,0,T4,0,0,2,1.0,1.0,64,58.0,6.0,100000000000,100000000000.0,0,P100,0,0,8,3.99,4.01,96,34.6,61.4,100000000000,100000000000.0,0,V100,0,0,8,4.06,3.94,96,58.48,37.52,100000000000,100000000000.0,0,MISC,0,0,2,2.0,0,64,64.0,0,100000000000,100000000000.0,0,P100,0,0,2,1.86,0.14,64,63.86,0.14,100000000000,100000000000.0,0,P100,0,0,2,1.41,0.59,64,50.11,13.89,100000000000,100000000000.0,0,P100,0,0,2,1.32,0.68,96,79.35,16.65,100000000000,100000000000.0,0,T4,0,0,2,0.81,1.19,96,86.48,9.52,100000000000,100000000000.0,0,T4,0,0,2,1.02,0.98,96,88.45,7.55,100000000000,100000000000.0,0,T4,0,0,2,2.0,0,64,64.0,0,100000000000,100000000000.0,0,P100,0,0,2,1.24,0.76,96,86.22,9.78,100000000000,100000000000.0,0,T4,0,0,8,5.63,2.37,96,67.65,28.35,100000000000,100000000000.0,0,MISC,0,0,8,2.25,5.75,96,75.75,20.25,100000000000,100000000000.0,0,V100,0,0,2,2.0,0,64,64.0,0,100000000000,100000000000.0,0,P100,0,0,2,2.0,0,64,64.0,0,100000000000,100000000000.0,0,P100,0,0,8,4.59,3.41,96,57.11,38.89,100000000000,100000000000.0,0,MISC,0,0,2,1.87,0.13,64,63.78,0.22,100000000000,100000000000.0,0,P100,0,0,2,2.0,0,64,64.0,0,100000000000,100000000000.0,0,P100,0,0,2,1.31,0.69,96,88.51,7.49,100000000000,100000000000.0,0,T4,0,0,2,1.32,0.68,64,58.69,5.31,100000000000,100000000000.0,0,P100,0,0,8,5.68,2.32,96,78.25,17.75,100000000000,100000000000.0,0,V100,0,0,2,2.0,0,64,64.0,0,100000000000,100000000000.0,0,P100,0,0,2,0.62,1.38,96,85.75,10.25,100000000000,100000000000.0,0,T4,0,0,2,1.92,0,64,62.7,1.3,100000000000,100000000000.0,0,P100,0,0,2,1.25,0.75,96,81.36,14.64,100000000000,100000000000.0,0,T4,0,0,8,4.77,3.23,96,58.84,37.16,100000000000,100000000000.0,0,MISC,0,0,2,2.0,0,64,64.0,0,100000000000,100000000000.0,0,P100,0,0,2,1.27,0.73,96,89.51,6.49,100000000000,100000000000.0,0,T4,0,0,2,1.44,0.56,96,83.86,12.14,100000000000,100000000000.0,0,T4,0,0,2,1.0,1.0,96,90.0,6.0,100000000000,100000000000.0,0,T4
50,100,183212,7.804605960845947,1,0,0,11,0,0,8,3.95,4.05,96,50.04,45.96,100000000000,100000000000.0,0,MISC,0,0,2,1.0,1.0,64,58.0,6.0,100000000000,100000000000.0,0,P100,0,0,2,1.28,0.72,96,79.97,16.03,100000000000,100000000000.0,0,T4,0,0,8,5.48,2.52,96,75.31,20.69,100000000000,100000000000.0,0,MISC,0,0,2,1.29,0.71,96,79.02,16.98,100000000000,100000000000.0,0,T4,0,0,2,0.75,1.25,96,85.38,10.62,100000000000,100000000000.0,0,T4,0,0,2,1.27,0.73,96,76.76,19.24,100000000000,100000000000.0,0,T4,0,0,8,4.07,3.93,96,75.48,20.52,100000000000,100000000000.0,0,MISC,0,0,8,4.68,3.32,96,48.86,47.14,100000000000,100000000000.0,0,MISC,0,0,2,1.0,1.0,64,58.0,6.0,100000000000,100000000000.0,0,P100,0,0,8,2.88,5.12,96,21.02,74.98,100000000000,100000000000.0,0,MISC,0,0,2,1.82,0.18,64,63.44,0.56,100000000000,100000000000.0,0,P100,0,0,2,0.97,1.03,96,87.83,8.17,100000000000,100000000000.0,0,T4,0,0,2,1.79,0.21,64,61.4,2.6,100000000000,100000000000.0,0,P100,0,0,2,1.29,0.71,96,91.5,4.5,100000000000,100000000000.0,0,T4,0,0,2,1.1,0.9,64,58.8,5.2,100000000000,100000000000.0,0,P100,0,0,8,5.29,2.71,96,73.41,22.59,100000000000,100000000000.0,0,MISC,0,0,2,1.9,0,64,63.2,0.8,100000000000,100000000000.0,0,P100,0,0,2,1.3,0.7,96,89.82,6.18,100000000000,100000000000.0,0,T4,0,0,2,0.82,1.18,96,90.14,5.86,100000000000,100000000000.0,0,T4,0,0,2,1.0,1.0,64,58.0,6.0,100000000000,100000000000.0,0,P100,0,0,8,3.99,4.01,96,34.6,61.4,100000000000,100000000000.0,0,V100,0,0,8,4.06,3.94,96,58.48,37.52,100000000000,100000000000.0,0,MISC,0,0,2,2.0,0,64,64.0,0,100000000000,100000000000.0,0,P100,0,0,2,1.86,0.14,64,63.86,0.14,100000000000,100000000000.0,0,P100,0,0,2,1.41,0.59,64,50.11,13.89,100000000000,100000000000.0,0,P100,0,0,2,1.32,0.68,96,79.35,16.65,100000000000,100000000000.0,0,T4,0,0,2,0.81,1.19,96,86.48,9.52,100000000000,100000000000.0,0,T4,0,0,2,1.02,0.98,96,88.45,7.55,100000000000,100000000000.0,0,T4,0,0,2,2.0,0,64,64.0,0,100000000000,100000000000.0,0,P100,0,0,2,1.24,0.76,96,86.22,9.78,100000000000,100000000000.0,0,T4,0,0,8,5.63,2.37,96,67.65,28.35,100000000000,100000000000.0,0,MISC,0,0,8,2.25,5.75,96,75.75,20.25,100000000000,100000000000.0,0,V100,0,0,2,2.0,0,64,64.0,0,100000000000,100000000000.0,0,P100,0,0,2,2.0,0,64,64.0,0,100000000000,100000000000.0,0,P100,0,0,8,4.59,3.41,96,57.11,38.89,100000000000,100000000000.0,0,MISC,0,0,2,1.87,0.13,64,63.78,0.22,100000000000,100000000000.0,0,P100,0,0,2,2.0,0,64,64.0,0,100000000000,100000000000.0,0,P100,0,0,2,1.31,0.69,96,88.51,7.49,100000000000,100000000000.0,0,T4,0,0,2,1.32,0.68,64,58.69,5.31,100000000000,100000000000.0,0,P100,0,0,8,5.68,2.32,96,78.25,17.75,100000000000,100000000000.0,0,V100,0,0,2,2.0,0,64,64.0,0,100000000000,100000000000.0,0,P100,0,0,2,0.62,1.38,96,85.75,10.25,100000000000,100000000000.0,0,T4,0,0,2,1.92,0,64,62.7,1.3,100000000000,100000000000.0,0,P100,0,0,2,1.25,0.75,96,81.36,14.64,100000000000,100000000000.0,0,T4,0,0,8,4.77,3.23,96,58.84,37.16,100000000000,100000000000.0,0,MISC,0,0,2,2.0,0,64,64.0,0,100000000000,100000000000.0,0,P100,0,0,2,1.27,0.73,96,89.51,6.49,100000000000,100000000000.0,0,T4,0,0,2,1.44,0.56,96,83.86,12.14,100000000000,100000000000.0,0,T4,0,0,2,1.0,1.0,96,90.0,6.0,100000000000,100000000000.0,0,T4
