,job_id,num_inst,submit_time,num_cpu,num_gpu,gpu_type,duration,user,size,on_time,wasted,jct,resource,node,allocated_at,bw,final_node_allocation,final_gpu_allocation,deadline,exec_time,complete_time,current_duration,speedup
4,9780,1,36,6.0,1.0,MISC,41,05b25af4dd8b,287,0,0,36,"[1.0, 6.0]",,0,0,[22],['MISC'],81.02452594019084,36,77,41.0,1.0
13,67105,1,128,6.0,1.0,T4,24,41f97a75a037,168,0,0,128,"[1.0, 6.0]",,0,0,[14],['T4'],154.31121852379866,128,152,24.0,1.0
9,67165,1,92,6.0,1.0,MISC,82,0ed3eacdff35,574,0,0,92,"[1.0, 6.0]",,0,0,[22],['MISC'],174.364559805405,92,174,82.0,1.0
3,38584,1,27,6.0,0.2,MISC,148,4c03cfeaf363,917,0,0,27,"[0.2, 6.0]",,0,0,[22],['MISC'],185.46810029916975,27,175,148.0,1.0
7,36037,1,49,6.0,1.0,MISC,136,05b25af4dd8b,952,0,0,49,"[1.0, 6.0]",,0,0,[22],['MISC'],185.86476568316868,49,185,136.0,1.0
26,18435,1,176,6.0,0.25,P100,34,ebba56ec23b9,212,0,0,176,"[0.25, 6.0]",,0,0,[15],['P100'],211.75221607210258,176,210,34.0,1.0
18,88406,1,138,6.0,0.25,T4,114,d4d51aca8806,712,0,0,138,"[0.25, 6.0]",,0,0,[26],['T4'],256.40394361812196,138,252,114.0,1.0
16,45272,1,135,6.0,1.0,MISC,134,3f5d4699c3a6,938,0,0,135,"[1.0, 6.0]",,0,0,[22],['MISC'],274.20761760641744,135,269,134.0,1.0
35,82211,1,224,6.0,1.0,P100,48,f5440bdf32a5,336,0,0,224,"[1.0, 6.0]",,0,0,[15],['P100'],273.8683758950376,224,272,48.0,1.0
25,56122,1,174,6.0,1.0,MISC,103,7b76597f4283,721,0,0,174,"[1.0, 6.0]",,0,0,[22],['MISC'],277.0832338746995,174,277,103.0,1.0
37,2602,1,247,6.0,1.0,MISC,31,0ed3eacdff35,217,0,0,247,"[1.0, 6.0]",,0,0,[7],['MISC'],279.3255451747217,247,278,31.0,1.0
21,35720,1,149,6.0,0.25,MISC,130,5b1345f03aa1,812,0,0,149,"[0.25, 6.0]",,0,0,[22],['MISC'],287.4223334863557,149,279,130.0,1.0
5,74735,1,36,6.0,1.0,T4,246,c5307d7cd0cc,1722,0,0,36,"[1.0, 6.0]",,0,0,[26],['T4'],286.6885012026137,36,282,246.0,1.0
40,21925,1,274,6.0,0.25,MISC,28,05b25af4dd8b,175,0,0,274,"[0.25, 6.0]",,0,0,[22],['MISC'],304.5324505826844,274,302,28.0,1.0
42,85759,1,280,6.0,1.0,MISC,27,b2c52019b2c6,189,0,0,280,"[1.0, 6.0]",,0,0,[22],['MISC'],307.254643030387,280,307,27.0,1.0
15,1147,1,135,6.0,1.0,MISC,174,58540f191766,1218,0,0,135,"[1.0, 6.0]",,0,0,[22],['MISC'],314.8055397089965,135,309,174.0,1.0
23,9691,1,171,18.0,1.0,MISC,146,bf6778696beb,2774,0,0,171,"[1.0, 18.0]",,0,0,[7],['MISC'],331.4496817811153,171,317,146.0,1.0
49,66291,1,317,6.0,1.0,MISC,31,0ed3eacdff35,217,0,0,317,"[1.0, 6.0]",,0,0,[22],['MISC'],349.63252819617054,317,348,31.0,1.0
57,66249,1,358,6.0,1.0,MISC,25,0ed3eacdff35,175,0,0,358,"[1.0, 6.0]",,0,0,[7],['MISC'],384.64258861263426,358,383,25.0,1.0
53,43104,1,343,6.0,2.0,MISC,51,f14128db0160,408,0,0,343,"[2.0, 6.0]",,0,0,[7],['MISC'],396.61644997826915,343,394,51.0,1.0
58,17622,1,361,6.0,1.0,MISC,41,42aa9724a88c,287,0,0,361,"[1.0, 6.0]",,0,0,[22],['MISC'],404.8021335125784,361,402,41.0,1.0
51,85475,1,333,6.0,1.0,P100,78,0ed3eacdff35,546,0,0,333,"[1.0, 6.0]",,0,0,[15],['P100'],418.25361448398695,333,411,78.0,1.0
19,2260,1,144,6.0,0.25,MISC,268,de69ddc1064e,1675,0,0,144,"[0.25, 6.0]",,0,0,[22],['MISC'],424.722649511772,144,412,268.0,1.0
30,35917,1,193,4.0,0.5,MISC,221,a4f092ab9509,994,0,0,193,"[0.5, 4.0]",,0,0,[7],['MISC'],419.97924489206264,193,414,221.0,1.0
1,31388,1,13,6.0,0.25,MISC,413,ba85cca2ba13,2581,0,0,13,"[0.25, 6.0]",,0,0,[22],['MISC'],454.78525862057984,13,426,413.0,1.0
32,9202,1,207,18.0,1.0,P100,225,bf6778696beb,4275,0,0,207,"[1.0, 18.0]",,0,0,[13],['P100'],441.594196399765,207,432,225.0,1.0
62,59447,1,395,6.0,1.0,MISC,41,b3bfe9b79bb5,287,0,0,395,"[1.0, 6.0]",,0,0,[22],['MISC'],438.7939206534864,395,436,41.0,1.0
63,56249,1,399,6.0,1.0,MISC,37,5b1345f03aa1,259,0,0,399,"[1.0, 6.0]",,0,0,[7],['MISC'],438.5869656963223,399,436,37.0,1.0
39,97682,1,269,6.0,0.5,V100,168,edc10645cc3f,1092,0,0,269,"[0.5, 6.0]",,0,0,[40],['V100'],451.43946955125955,269,437,168.0,1.0
48,72601,1,302,6.0,1.0,MISC,153,05b25af4dd8b,1071,0,0,302,"[1.0, 6.0]",,0,0,[7],['MISC'],457.7399863736623,302,455,153.0,1.0
71,85568,1,438,6.0,1.0,MISC,41,0ed3eacdff35,287,0,0,438,"[1.0, 6.0]",,0,0,[7],['MISC'],479.35990900348327,438,479,41.0,1.0
83,64260,1,483,6.0,1.0,T4,14,41f97a75a037,98,0,0,483,"[1.0, 6.0]",,0,0,[44],['T4'],497.141720578164,483,497,14.0,1.0
70,38014,1,435,12.0,1.0,MISC,63,0ed3eacdff35,819,0,0,435,"[1.0, 12.0]",,0,0,[22],['MISC'],504.0458022007124,435,498,63.0,1.0
86,82711,1,486,6.0,1.0,MISC,28,354e3b81c515,196,0,0,486,"[1.0, 6.0]",,0,0,[31],['MISC'],516.7363295127092,486,514,28.0,1.0
73,93384,1,439,2.0,0.25,MISC,80,b2c52019b2c6,180,0,0,439,"[0.25, 2.0]",,0,0,[7],['MISC'],526.234137092458,439,519,80.0,1.0
59,48093,1,364,6.0,0.25,MISC,161,edc10645cc3f,1006,0,0,364,"[0.25, 6.0]",,0,0,[7],['MISC'],532.8092087114501,364,525,161.0,1.0
67,12647,1,422,6.0,1.0,T4,104,c9e676ebc7ef,728,0,0,422,"[1.0, 6.0]",,0,0,[42],['T4'],528.8016668426899,422,526,104.0,1.0
52,84290,1,342,6.0,1.0,P100,185,05b25af4dd8b,1295,0,0,342,"[1.0, 6.0]",,0,0,[33],['P100'],535.5302051994444,342,527,185.0,1.0
31,58012,1,198,6.0,0.25,MISC,331,edc10645cc3f,2068,0,0,198,"[0.25, 6.0]",,0,0,[7],['MISC'],551.4764922995406,198,529,331.0,1.0
66,67230,1,415,16.0,1.0,MISC,149,0ed3eacdff35,2533,0,0,415,"[1.0, 16.0]",,0,0,[7],['MISC'],564.572831805467,415,564,149.0,1.0
75,19991,1,450,3.0,0.5,MISC,136,e97f950dabda,476,0,0,450,"[0.5, 3.0]",,0,0,[22],['MISC'],586.0727783198279,450,586,136.0,1.0
96,18480,1,522,6.0,0.25,MISC,65,ebba56ec23b9,406,0,0,522,"[0.25, 6.0]",,0,0,[31],['MISC'],587.0319709525678,522,587,65.0,1.0
87,99841,1,488,2.0,0.2,T4,101,49287aeb3803,222,0,0,488,"[0.2, 2.0]",,0,0,[44],['T4'],597.0363522282315,488,589,101.0,1.0
98,20393,1,525,16.0,1.0,T4,65,0ed3eacdff35,1105,0,0,525,"[1.0, 16.0]",,0,0,[28],['T4'],596.0499596780692,525,590,65.0,1.0
106,99647,1,572,6.0,0.25,MISC,41,3adaf1e5a896,256,0,0,572,"[0.25, 6.0]",,0,0,[7],['MISC'],616.9240737167174,572,613,41.0,1.0
36,13006,1,245,10.0,0.5,T4,389,c4cbaac9966d,4084,0,0,245,"[0.5, 10.0]",,0,0,[27],['T4'],665.8457024943939,245,634,389.0,1.0
77,55801,1,470,6.0,1.0,MISC,164,5f4cb64dc693,1148,0,0,470,"[1.0, 6.0]",,0,0,[22],['MISC'],647.9075246121664,470,634,164.0,1.0
84,7083,1,484,6.0,0.25,T4,153,d4d51aca8806,956,0,0,484,"[0.25, 6.0]",,0,0,[44],['T4'],643.4302016355241,484,637,153.0,1.0
108,64241,1,592,8.0,1.0,T4,64,b13fd7656207,576,0,0,592,"[1.0, 8.0]",,0,0,[28],['T4'],660.6382913481987,592,656,64.0,1.0
117,27662,1,610,6.0,1.0,T4,55,3b586f5d712e,385,0,0,610,"[1.0, 6.0]",,0,0,[49],['T4'],666.172337433634,610,665,55.0,1.0
105,62493,1,567,6.0,0.5,MISC,102,58540f191766,663,0,0,567,"[0.5, 6.0]",,0,0,[7],['MISC'],676.6664941519913,567,669,102.0,1.0
114,95280,1,607,6.0,1.0,T4,63,0ed3eacdff35,441,0,0,607,"[1.0, 6.0]",,0,0,[30],['T4'],675.4045358460883,607,670,63.0,1.0
111,25681,1,597,6.0,0.25,MISC,84,05b25af4dd8b,525,0,0,597,"[0.25, 6.0]",,0,0,[31],['MISC'],686.0389705619851,597,681,84.0,1.0
97,61372,1,523,6.0,2.0,MISC,170,f14128db0160,1360,0,0,523,"[2.0, 6.0]",,0,0,[31],['MISC'],701.3531302611257,523,693,170.0,1.0
103,48762,1,546,6.0,1.0,MISC,150,0ed3eacdff35,1050,0,0,546,"[1.0, 6.0]",,0,0,[31],['MISC'],701.5919230422654,546,696,150.0,1.0
81,83601,1,476,6.0,0.25,MISC,244,05b25af4dd8b,1525,0,0,476,"[0.25, 6.0]",,0,0,[31],['MISC'],728.863692047145,476,720,244.0,1.0
116,42125,1,609,6.0,0.5,MISC,124,58540f191766,806,0,0,609,"[0.5, 6.0]",,0,0,[3],['MISC'],742.5578948507598,609,733,124.0,1.0
132,22932,1,683,6.0,1.0,MISC,55,354e3b81c515,385,0,0,683,"[1.0, 6.0]",,0,0,[3],['MISC'],739.4249653649222,683,738,55.0,1.0
34,78085,1,216,6.0,0.5,MISC,532,ebba56ec23b9,3458,0,0,216,"[0.5, 6.0]",,0,0,[7],['MISC'],752.5344686621448,216,748,532.0,1.0
80,20774,1,475,6.0,0.25,T4,294,d4d51aca8806,1837,0,0,475,"[0.25, 6.0]",,0,0,[44],['T4'],788.2711091987003,475,769,294.0,1.0
20,46162,1,145,6.0,1.0,MISC,637,7b76597f4283,4459,0,0,145,"[1.0, 6.0]",,0,0,[22],['MISC'],827.0446099159639,145,782,637.0,1.0
104,55776,1,551,6.0,1.0,MISC,256,035b9488e79a,1792,0,0,551,"[1.0, 6.0]",,0,0,[31],['MISC'],819.0278350161045,551,807,256.0,1.0
142,15794,1,776,6.0,0.25,T4,36,4d95fa282778,225,0,0,776,"[0.25, 6.0]",,0,0,[44],['T4'],813.5699637422942,776,812,36.0,1.0
148,70821,1,794,6.0,0.25,MISC,31,05b25af4dd8b,193,0,0,794,"[0.25, 6.0]",,0,0,[31],['MISC'],825.8923581150058,794,825,31.0,1.0
60,32592,1,371,6.0,1.0,T4,456,d4d51aca8806,3192,0,0,371,"[1.0, 6.0]",,0,0,[27],['T4'],827.046403519699,371,827,456.0,1.0
145,98850,1,783,6.0,0.25,MISC,53,0be70ae34f4c,331,0,0,783,"[0.25, 6.0]",,0,0,[22],['MISC'],839.3294146266703,783,836,53.0,1.0
55,36377,1,349,10.0,0.5,T4,488,c4cbaac9966d,5124,0,0,349,"[0.5, 10.0]",,0,0,[26],['T4'],856.812699934474,349,837,488.0,1.0
46,42540,1,296,10.0,0.5,T4,543,c4cbaac9966d,5701,0,0,296,"[0.5, 10.0]",,0,0,[26],['T4'],865.3719814385743,296,839,543.0,1.0
125,90854,1,663,6.0,1.0,MISC,186,0ee793d049c5,1302,0,0,663,"[1.0, 6.0]",,0,0,[22],['MISC'],851.644209501366,663,849,186.0,1.0
154,31026,1,830,1.0,0.01,MISC,26,b478b7e54703,26,0,0,830,"[0.01, 1.0]",,0,0,[3],['MISC'],856.255859129829,830,856,26.0,1.0
149,30934,1,798,6.0,1.0,T4,64,41f97a75a037,448,0,0,798,"[1.0, 6.0]",,0,0,[49],['T4'],866.5476471346383,798,862,64.0,1.0
90,61628,1,492,10.0,0.5,T4,373,c4cbaac9966d,3916,0,0,492,"[0.5, 10.0]",,0,0,[47],['T4'],899.0413276241807,492,865,373.0,1.0
123,52487,1,639,6.0,1.0,T4,236,c5307d7cd0cc,1652,0,0,639,"[1.0, 6.0]",,0,0,[4],['T4'],890.7236926368669,639,875,236.0,1.0
127,27762,1,669,6.0,0.25,MISC,213,b659dea714f8,1331,0,0,669,"[0.25, 6.0]",,0,0,[7],['MISC'],882.2865003533622,669,882,213.0,1.0
95,2707,1,517,10.0,0.5,T4,370,c4cbaac9966d,3885,0,0,517,"[0.5, 10.0]",,0,0,[28],['T4'],902.1189353163386,517,887,370.0,1.0
151,10931,1,814,6.0,0.25,MISC,84,05b25af4dd8b,525,0,0,814,"[0.25, 6.0]",,0,0,[31],['MISC'],905.4494784541492,814,898,84.0,1.0
41,87981,1,276,6.0,0.25,T4,628,9cc55781f4a6,3925,0,0,276,"[0.25, 6.0]",,0,0,[26],['T4'],927.3169012900354,276,904,628.0,1.0
17,58030,1,138,1.0,1.0,MISC,795,d7052eeddab7,1590,0,0,138,"[1.0, 1.0]",,0,0,[22],['MISC'],997.8848375152263,138,933,795.0,1.0
121,81263,1,623,6.0,0.5,T4,321,d4d51aca8806,2086,0,0,623,"[0.5, 6.0]",,0,0,[49],['T4'],965.8988226713368,623,944,321.0,1.0
118,20574,1,613,6.0,0.25,T4,334,d4d51aca8806,2087,0,0,613,"[0.25, 6.0]",,0,0,[44],['T4'],970.8700292170633,613,947,334.0,1.0
168,14172,1,918,6.0,0.1,MISC,37,58540f191766,225,0,0,918,"[0.1, 6.0]",,0,0,[7],['MISC'],957.2285991270421,918,955,37.0,1.0
91,22659,1,499,6.0,0.25,T4,474,d4d51aca8806,2962,0,0,499,"[0.25, 6.0]",,0,0,[44],['T4'],987.9134069897652,499,973,474.0,1.0
178,47678,1,954,6.0,1.0,T4,24,1480b75a8c96,168,0,0,954,"[1.0, 6.0]",,0,0,[14],['T4'],979.7680922079313,954,978,24.0,1.0
109,32556,1,596,6.0,1.0,T4,386,d4d51aca8806,2702,0,0,596,"[1.0, 6.0]",,0,0,[30],['T4'],1011.6834761752341,596,982,386.0,1.0
140,28069,1,767,6.0,1.0,T4,226,c5307d7cd0cc,1582,0,0,767,"[1.0, 6.0]",,0,0,[28],['T4'],994.563767775067,767,993,226.0,1.0
153,72955,1,820,6.0,0.25,MISC,187,05b25af4dd8b,1168,0,0,820,"[0.25, 6.0]",,0,0,[31],['MISC'],1009.8984797397004,820,1007,187.0,1.0
141,65863,1,774,6.0,1.0,T4,275,d4d51aca8806,1925,0,0,774,"[1.0, 6.0]",,0,0,[4],['T4'],1051.7126809807078,774,1049,275.0,1.0
182,96957,1,966,6.0,0.5,MISC,88,05b25af4dd8b,572,0,0,966,"[0.5, 6.0]",,0,0,[7],['MISC'],1060.8419157599803,966,1054,88.0,1.0
128,33665,1,670,6.0,0.5,T4,396,d4d51aca8806,2574,0,0,670,"[0.5, 6.0]",,0,0,[27],['T4'],1091.373434284635,670,1066,396.0,1.0
196,44728,1,1030,6.0,0.5,T4,49,c9e676ebc7ef,318,0,0,1030,"[0.5, 6.0]",,0,0,[28],['T4'],1082.258650413858,1030,1079,49.0,1.0
152,43417,1,819,6.0,0.25,MISC,295,05b25af4dd8b,1843,0,0,819,"[0.25, 6.0]",,0,0,[31],['MISC'],1119.5466768073643,819,1114,295.0,1.0
209,70414,1,1078,6.0,2.0,MISC,37,f14128db0160,296,0,0,1078,"[2.0, 6.0]",,0,0,[8],['MISC'],1116.6645961108488,1078,1115,37.0,1.0
194,76404,1,1020,6.0,0.5,MISC,103,58540f191766,669,0,0,1020,"[0.5, 6.0]",,0,0,[35],['MISC'],1126.180263784563,1020,1123,103.0,1.0
164,89895,1,906,6.0,0.25,T4,236,d4d51aca8806,1475,0,0,906,"[0.25, 6.0]",,0,0,[49],['T4'],1155.0803005223984,906,1142,236.0,1.0
218,4983,1,1126,0.2,0.1,MISC,16,58540f191766,4,0,0,1126,"[0.1, 0.2]",,0,0,[7],['MISC'],1142.557047519732,1126,1142,16.0,1.0
85,49811,1,484,0.5,1.0,T4,660,d4d51aca8806,990,0,0,484,"[1.0, 0.5]",,0,0,[47],['T4'],1170.026443828006,484,1144,660.0,1.0
171,81199,1,931,6.0,2.0,MISC,217,f14128db0160,1736,0,0,931,"[2.0, 6.0]",,0,0,[45],['MISC'],1150.708182671281,931,1148,217.0,1.0
74,94609,1,441,6.0,0.25,MISC,728,766c6c1054bf,4550,0,0,441,"[0.25, 6.0]",,0,0,[22],['MISC'],1218.3592360200205,441,1169,728.0,1.0
198,88049,1,1036,16.0,1.0,MISC,138,18febf35d3a1,2346,0,0,1036,"[1.0, 16.0]",,0,0,[8],['MISC'],1181.6457982386924,1036,1174,138.0,1.0
159,33677,1,866,6.0,0.5,T4,316,d4d51aca8806,2054,0,0,866,"[0.5, 6.0]",,0,0,[47],['T4'],1182.2281845179773,866,1182,316.0,1.0
189,19202,1,992,6.0,1.0,T4,205,45bd92802aa9,1435,0,0,992,"[1.0, 6.0]",,0,0,[30],['T4'],1207.9117216285767,992,1197,205.0,1.0
131,4318,1,680,6.0,0.25,MISC,542,2cbd33b08024,3387,0,0,680,"[0.25, 6.0]",,0,0,[3],['MISC'],1222.5140165719922,680,1222,542.0,1.0
220,15796,1,1134,2.0,1.0,T4,92,0a91baf066f2,276,0,0,1134,"[1.0, 2.0]",,0,0,[2],['T4'],1234.4335878784093,1134,1226,92.0,1.0
215,99400,1,1112,6.0,1.0,T4,124,29380421d3fc,868,0,0,1112,"[1.0, 6.0]",,0,0,[48],['T4'],1238.6596455270637,1112,1236,124.0,1.0
231,40014,1,1202,6.0,1.0,MISC,34,0ed3eacdff35,238,0,0,1202,"[1.0, 6.0]",,0,0,[45],['MISC'],1236.082938997429,1202,1236,34.0,1.0
165,59231,1,908,10.0,0.5,T4,342,c4cbaac9966d,3591,0,0,908,"[0.5, 10.0]",,0,0,[49],['T4'],1250.2750828781109,908,1250,342.0,1.0
195,355,1,1025,6.0,0.5,T4,226,d4d51aca8806,1469,0,0,1025,"[0.5, 6.0]",,0,0,[44],['T4'],1264.8655693748915,1025,1251,226.0,1.0
160,46483,1,866,6.0,1.0,MISC,396,7b76597f4283,2772,0,0,866,"[1.0, 6.0]",,0,0,[22],['MISC'],1299.2150301593406,866,1262,396.0,1.0
240,48949,1,1253,6.0,1.0,MISC,28,b3bfe9b79bb5,196,0,0,1253,"[1.0, 6.0]",,0,0,[22],['MISC'],1282.7631325750417,1253,1281,28.0,1.0
212,35666,1,1094,6.0,2.0,MISC,190,f14128db0160,1520,0,0,1094,"[2.0, 6.0]",,0,0,[8],['MISC'],1289.8501303535609,1094,1284,190.0,1.0
183,66892,1,971,6.0,1.0,MISC,314,58540f191766,2198,0,0,971,"[1.0, 6.0]",,0,0,[35],['MISC'],1292.3139461890069,971,1285,314.0,1.0
76,12961,1,464,6.0,0.25,MISC,825,e4b1b6341597,5156,0,0,464,"[0.25, 6.0]",,0,0,[7],['MISC'],1305.5883617226677,464,1289,825.0,1.0
156,25548,1,834,6.0,0.25,T4,466,bbd5a1434ac7,2912,0,0,834,"[0.25, 6.0]",,0,0,[44],['T4'],1336.2747229721606,834,1300,466.0,1.0
238,71128,1,1241,6.0,1.0,MISC,66,42aa9724a88c,462,0,0,1241,"[1.0, 6.0]",,0,0,[45],['MISC'],1311.1756317533325,1241,1307,66.0,1.0
101,57566,1,538,6.0,1.0,MISC,773,5b1345f03aa1,5411,0,0,538,"[1.0, 6.0]",,0,0,[7],['MISC'],1370.26225047675,538,1311,773.0,1.0
249,14159,1,1274,6.0,0.1,MISC,40,58540f191766,244,0,0,1274,"[0.1, 6.0]",,0,0,[8],['MISC'],1316.3353452887434,1274,1314,40.0,1.0
241,60054,1,1264,6.0,1.0,MISC,69,a8192d6b0ae9,483,0,0,1264,"[1.0, 6.0]",,0,0,[22],['MISC'],1334.7413621221049,1264,1333,69.0,1.0
248,54513,1,1274,6.0,1.0,T4,65,7dd1a2bf0795,455,0,0,1274,"[1.0, 6.0]",,0,0,[48],['T4'],1343.0932202353483,1274,1339,65.0,1.0
27,53174,1,183,6.0,0.25,MISC,1158,7979162bf361,7237,0,0,183,"[0.25, 6.0]",,0,0,[22],['MISC'],1360.2374137189368,183,1341,1158.0,1.0
89,64752,1,491,6.0,0.5,T4,851,d4d51aca8806,5531,0,0,491,"[0.5, 6.0]",,0,0,[47],['T4'],1406.2044376825042,491,1342,851.0,1.0
167,27859,1,914,6.0,1.0,T4,447,c5307d7cd0cc,3129,0,0,914,"[1.0, 6.0]",,0,0,[4],['T4'],1401.8309541843162,914,1361,447.0,1.0
257,73792,1,1306,6.0,1.0,MISC,56,05b25af4dd8b,392,0,0,1306,"[1.0, 6.0]",,0,0,[35],['MISC'],1366.9976589154876,1306,1362,56.0,1.0
190,27464,1,1000,6.0,0.5,MISC,372,ebba56ec23b9,2418,0,0,1000,"[0.5, 6.0]",,0,0,[35],['MISC'],1385.241859013965,1000,1372,372.0,1.0
225,6351,1,1154,6.0,1.0,MISC,228,8b9c03ad79b8,1596,0,0,1154,"[1.0, 6.0]",,0,0,[8],['MISC'],1392.7897690128239,1154,1382,228.0,1.0
146,58459,1,785,6.0,0.25,T4,598,aaea7d552f1f,3737,0,0,785,"[0.25, 6.0]",,0,0,[49],['T4'],1399.9083591870055,785,1383,598.0,1.0
169,40354,1,924,10.0,0.5,T4,462,c4cbaac9966d,4851,0,0,924,"[0.5, 10.0]",,0,0,[26],['T4'],1408.1090307903628,924,1386,462.0,1.0
217,52418,1,1119,6.0,1.0,T4,277,c5307d7cd0cc,1939,0,0,1119,"[1.0, 6.0]",,0,0,[2],['T4'],1398.4016284681497,1119,1396,277.0,1.0
92,72922,1,509,6.0,0.25,MISC,890,a4b58e9de9c6,5562,0,0,509,"[0.25, 6.0]",,0,0,[22],['MISC'],1433.8637885223752,509,1399,890.0,1.0
239,94665,1,1251,1.0,1.0,MISC,153,5f4cb64dc693,306,0,0,1251,"[1.0, 1.0]",,0,0,[35],['MISC'],1407.1332503498184,1251,1404,153.0,1.0
268,17897,1,1378,12.0,0.05,T4,38,0ed3eacdff35,457,0,0,1378,"[0.05, 12.0]",,0,0,[26],['T4'],1416.4368235396737,1378,1416,38.0,1.0
276,79149,1,1426,1.0,0.01,MISC,24,b478b7e54703,24,0,0,1426,"[0.01, 1.0]",,0,0,[3],['MISC'],1450.299915851366,1426,1450,24.0,1.0
228,66049,1,1187,6.0,0.25,MISC,264,de69ddc1064e,1650,0,0,1187,"[0.25, 6.0]",,0,0,[8],['MISC'],1466.4763429489503,1187,1451,264.0,1.0
261,46769,1,1344,6.0,1.0,MISC,107,7b76597f4283,749,0,0,1344,"[1.0, 6.0]",,0,0,[8],['MISC'],1460.7042900949402,1344,1451,107.0,1.0
232,81646,1,1214,6.0,0.5,MISC,247,5b1345f03aa1,1605,0,0,1214,"[0.5, 6.0]",,0,0,[8],['MISC'],1477.9185937332286,1214,1461,247.0,1.0
162,42294,1,881,6.0,0.5,MISC,631,58540f191766,4101,0,0,881,"[0.5, 6.0]",,0,0,[22],['MISC'],1569.417132577325,881,1512,631.0,1.0
264,74949,1,1364,6.0,0.5,MISC,150,edc10645cc3f,975,0,0,1364,"[0.5, 6.0]",,0,0,[35],['MISC'],1522.7574405822115,1364,1514,150.0,1.0
284,28392,1,1463,0.2,0.1,MISC,53,58540f191766,15,0,0,1463,"[0.1, 0.2]",,0,0,[45],['MISC'],1520.8549197171574,1463,1516,53.0,1.0
157,78803,1,840,6.0,1.0,T4,687,7dd1a2bf0795,4809,0,0,840,"[1.0, 6.0]",,0,0,[27],['T4'],1565.1009325544296,840,1527,687.0,1.0
258,28171,1,1312,6.0,1.0,T4,216,c5307d7cd0cc,1512,0,0,1312,"[1.0, 6.0]",,0,0,[47],['T4'],1540.7861180856612,1312,1528,216.0,1.0
237,3075,1,1238,6.0,0.5,MISC,292,58540f191766,1898,0,0,1238,"[0.5, 6.0]",,0,0,[45],['MISC'],1532.2335313375947,1238,1530,292.0,1.0
229,49951,1,1190,10.0,0.5,T4,344,c4cbaac9966d,3612,0,0,1190,"[0.5, 10.0]",,0,0,[4],['T4'],1545.2094785337185,1190,1534,344.0,1.0
236,23404,1,1237,6.0,0.25,MISC,298,eea150bdfdd6,1862,0,0,1237,"[0.25, 6.0]",,0,0,[3],['MISC'],1542.8483555675552,1237,1535,298.0,1.0
281,772,1,1452,6.0,1.0,MISC,122,262fbc8b0c98,854,0,0,1452,"[1.0, 6.0]",,0,0,[8],['MISC'],1578.600249739783,1452,1574,122.0,1.0
163,17525,1,896,10.0,0.5,T4,679,c4cbaac9966d,7129,0,0,896,"[0.5, 10.0]",,0,0,[28],['T4'],1633.2800536678374,896,1575,679.0,1.0
265,62668,1,1370,6.0,0.5,MISC,221,58540f191766,1436,0,0,1370,"[0.5, 6.0]",,0,0,[7],['MISC'],1592.302804916944,1370,1591,221.0,1.0
234,36461,1,1227,10.0,0.5,T4,365,c4cbaac9966d,3832,0,0,1227,"[0.5, 10.0]",,0,0,[30],['T4'],1623.8742761628914,1227,1592,365.0,1.0
112,34510,1,599,10.0,0.5,T4,994,c4cbaac9966d,10437,0,0,599,"[0.5, 10.0]",,0,0,[28],['T4'],1689.400492514328,599,1593,994.0,1.0
270,27844,1,1387,6.0,1.0,T4,226,c5307d7cd0cc,1582,0,0,1387,"[1.0, 6.0]",,0,0,[49],['T4'],1627.6826505131125,1387,1613,226.0,1.0
235,96217,1,1235,6.0,1.0,V100,383,58540f191766,2681,0,0,1235,"[1.0, 6.0]",,0,0,[21],['V100'],1635.6497820023594,1235,1618,383.0,1.0
303,2597,1,1583,6.0,1.0,MISC,35,0ed3eacdff35,245,0,0,1583,"[1.0, 6.0]",,0,0,[8],['MISC'],1621.3692964394234,1583,1618,35.0,1.0
305,33095,1,1584,6.0,1.0,MISC,69,0ed3eacdff35,483,0,0,1584,"[1.0, 6.0]",,0,0,[22],['MISC'],1657.489774802417,1584,1653,69.0,1.0
293,74283,1,1543,18.0,1.0,MISC,121,0db4ac3f62ed,2299,0,0,1543,"[1.0, 18.0]",,0,0,[16],['MISC'],1675.8740515287273,1543,1664,121.0,1.0
328,20501,1,1659,18.0,1.0,T4,7,e1f31cb9acd7,133,0,0,1659,"[1.0, 18.0]",,0,0,[18],['T4'],1666.5259812185668,1659,1666,7.0,1.0
280,61939,1,1449,6.0,1.0,T4,236,c5307d7cd0cc,1652,0,0,1449,"[1.0, 6.0]",,0,0,[2],['T4'],1686.7478037624978,1449,1685,236.0,1.0
315,16820,1,1621,6.0,1.0,MISC,65,0ed3eacdff35,455,0,0,1621,"[1.0, 6.0]",,0,0,[10],['MISC'],1687.6895036838928,1621,1686,65.0,1.0
139,53754,1,753,6.0,0.25,MISC,942,a4b58e9de9c6,5887,0,0,753,"[0.25, 6.0]",,0,0,[3],['MISC'],1754.9808506356985,753,1695,942.0,1.0
297,55711,1,1556,6.0,0.25,MISC,145,fd1d26c6dd78,906,0,0,1556,"[0.25, 6.0]",,0,0,[45],['MISC'],1709.0035782652224,1556,1701,145.0,1.0
326,15770,1,1657,6.0,1.0,T4,54,29380421d3fc,378,0,0,1657,"[1.0, 6.0]",,0,0,[19],['T4'],1715.1918648736691,1657,1711,54.0,1.0
332,74768,1,1676,18.0,1.0,MISC,67,0db4ac3f62ed,1273,0,0,1676,"[1.0, 18.0]",,0,0,[16],['MISC'],1745.1989060364115,1676,1743,67.0,1.0
327,90937,1,1658,6.0,1.0,MISC,90,0ee793d049c5,630,0,0,1658,"[1.0, 6.0]",,0,0,[22],['MISC'],1751.0254612811814,1658,1748,90.0,1.0
340,71216,1,1727,6.0,1.0,P100,24,b2c52019b2c6,168,0,0,1727,"[1.0, 6.0]",,0,0,[17],['P100'],1751.772596006234,1727,1751,24.0,1.0
338,37277,1,1713,6.0,1.0,MISC,60,b3bfe9b79bb5,420,0,0,1713,"[1.0, 6.0]",,0,0,[10],['MISC'],1776.270197503692,1713,1773,60.0,1.0
323,58011,1,1650,6.0,0.25,MISC,124,edc10645cc3f,775,0,0,1650,"[0.25, 6.0]",,0,0,[10],['MISC'],1774.6219608303106,1650,1774,124.0,1.0
214,66597,1,1103,6.0,0.5,T4,675,d4d51aca8806,4387,0,0,1103,"[0.5, 6.0]",,0,0,[27],['T4'],1819.872507150435,1103,1778,675.0,1.0
296,91915,1,1551,6.0,1.0,MISC,247,a8192d6b0ae9,1729,0,0,1551,"[1.0, 6.0]",,0,0,[16],['MISC'],1811.0138572213118,1551,1798,247.0,1.0
321,10076,1,1646,6.0,0.5,MISC,171,edc10645cc3f,1111,0,0,1646,"[0.5, 6.0]",,0,0,[10],['MISC'],1818.0215812898543,1646,1817,171.0,1.0
350,56324,1,1773,6.0,1.0,MISC,50,0ed3eacdff35,350,0,0,1773,"[1.0, 6.0]",,0,0,[10],['MISC'],1826.434995980321,1773,1823,50.0,1.0
143,43799,1,777,6.0,0.5,MISC,1048,58540f191766,6812,0,0,777,"[0.5, 6.0]",,0,0,[7],['MISC'],1848.0330656115518,777,1825,1048.0,1.0
356,37030,1,1811,6.0,1.0,T4,15,9cc55781f4a6,105,0,0,1811,"[1.0, 6.0]",,0,0,[5],['T4'],1827.4716856438602,1811,1826,15.0,1.0
136,42369,1,703,6.0,1.0,MISC,1128,e3a230efa5eb,7896,0,0,703,"[1.0, 6.0]",,0,0,[31],['MISC'],1866.267264397866,703,1831,1128.0,1.0
358,84408,1,1817,6.0,0.25,MISC,36,05b25af4dd8b,225,0,0,1817,"[0.25, 6.0]",,0,0,[10],['MISC'],1854.566320098492,1817,1853,36.0,1.0
330,81633,1,1663,6.0,1.0,MISC,240,18febf35d3a1,1680,0,0,1663,"[1.0, 6.0]",,0,0,[10],['MISC'],1907.967856972839,1663,1903,240.0,1.0
277,4397,1,1436,10.0,0.5,T4,468,c4cbaac9966d,4914,0,0,1436,"[0.5, 10.0]",,0,0,[26],['T4'],1934.3900638555208,1436,1904,468.0,1.0
102,88812,1,539,18.0,1.0,MISC,1367,edc10645cc3f,25973,0,0,539,"[1.0, 18.0]",,0,0,[31],['MISC'],2035.0191336316843,539,1906,1367.0,1.0
11,79320,1,115,6.0,1.0,T4,1793,4d95fa282778,12551,0,0,115,"[1.0, 6.0]",,0,0,[38],['T4'],1982.963552503587,115,1908,1793.0,1.0
318,66050,1,1635,6.0,0.25,MISC,284,de69ddc1064e,1775,0,0,1635,"[0.25, 6.0]",,0,0,[10],['MISC'],1943.1178710658046,1635,1919,284.0,1.0
366,77852,1,1866,6.0,0.25,T4,56,0cd70b00c6f8,350,0,0,1866,"[0.25, 6.0]",,0,0,[19],['T4'],1926.3082752691585,1866,1922,56.0,1.0
333,52886,1,1688,6.0,1.0,T4,236,c5307d7cd0cc,1652,0,0,1688,"[1.0, 6.0]",,0,0,[2],['T4'],1947.4530005688405,1688,1924,236.0,1.0
371,5501,1,1911,6.0,1.0,MISC,18,354e3b81c515,126,0,0,1911,"[1.0, 6.0]",,0,0,[31],['MISC'],1930.2436405932242,1911,1929,18.0,1.0
300,30707,1,1568,10.0,0.5,T4,372,c4cbaac9966d,3906,0,0,1568,"[0.5, 10.0]",,0,0,[4],['T4'],1971.6367409055151,1568,1940,372.0,1.0
269,68224,1,1385,10.0,0.5,T4,560,c4cbaac9966d,5880,0,0,1385,"[0.5, 10.0]",,0,0,[4],['T4'],1965.5249722243907,1385,1945,560.0,1.0
345,66646,1,1761,6.0,1.0,MISC,188,0ed3eacdff35,1316,0,0,1761,"[1.0, 6.0]",,0,0,[16],['MISC'],1959.8936058066074,1761,1949,188.0,1.0
367,82989,1,1872,6.0,1.0,MISC,78,a8192d6b0ae9,546,0,0,1872,"[1.0, 6.0]",,0,0,[0],['MISC'],1954.6209045060282,1872,1950,78.0,1.0
287,17696,1,1475,10.0,0.5,T4,488,c4cbaac9966d,5124,0,0,1475,"[0.5, 10.0]",,0,0,[47],['T4'],1977.7881583876342,1475,1963,488.0,1.0
336,41491,1,1709,6.0,1.0,T4,257,c5307d7cd0cc,1799,0,0,1709,"[1.0, 6.0]",,0,0,[18],['T4'],1967.2715581247169,1709,1966,257.0,1.0
205,23810,1,1063,6.0,1.0,MISC,910,e2fcb2ac20ae,6370,0,0,1063,"[1.0, 6.0]",,0,0,[8],['MISC'],2036.7026123477751,1063,1973,910.0,1.0
334,42035,1,1696,6.0,1.0,T4,277,c5307d7cd0cc,1939,0,0,1696,"[1.0, 6.0]",,0,0,[18],['T4'],1986.1311518430002,1696,1973,277.0,1.0
173,39082,1,938,0.2,0.1,MISC,1048,58540f191766,314,0,0,938,"[0.1, 0.2]",,0,0,[7],['MISC'],1997.172973521498,938,1986,1048.0,1.0
304,99866,1,1583,18.0,1.0,MISC,406,eea150bdfdd6,7714,0,0,1583,"[1.0, 18.0]",,0,0,[10],['MISC'],2003.9283088534362,1583,1989,406.0,1.0
376,59176,1,1956,6.0,1.0,T4,54,41f97a75a037,378,0,0,1956,"[1.0, 6.0]",,0,0,[38],['T4'],2014.960366134109,1956,2010,54.0,1.0
161,12361,1,873,6.0,0.25,T4,1146,379273b37fde,7162,0,0,873,"[0.25, 6.0]",,0,0,[49],['T4'],2130.9501443243807,873,2019,1146.0,1.0
110,9952,1,596,6.0,1.0,MISC,1433,84d246e538dc,10031,0,0,596,"[1.0, 6.0]",,0,0,[31],['MISC'],2098.980948060968,596,2029,1433.0,1.0
357,83758,1,1814,6.0,1.0,T4,216,9cc55781f4a6,1512,0,0,1814,"[1.0, 6.0]",,0,0,[5],['T4'],2030.104350137678,1814,2030,216.0,1.0
364,72117,1,1842,1.0,1.0,MISC,188,ebba56ec23b9,376,0,0,1842,"[1.0, 1.0]",,0,0,[31],['MISC'],2031.0017835243475,1842,2030,188.0,1.0
385,8650,1,1985,6.0,0.25,MISC,45,05b25af4dd8b,281,0,0,1985,"[0.25, 6.0]",,0,0,[0],['MISC'],2032.298796008639,1985,2030,45.0,1.0
206,1596,1,1063,6.0,0.25,T4,968,3aeb917d7320,6050,0,0,1063,"[0.25, 6.0]",,0,0,[4],['T4'],2083.679471609077,1063,2031,968.0,1.0
54,43339,1,347,6.0,0.25,T4,1699,d4d51aca8806,10618,0,0,347,"[0.25, 6.0]",,0,0,[26],['T4'],2110.2586945140542,347,2046,1699.0,1.0
383,34797,1,1984,6.0,1.0,MISC,64,42aa9724a88c,448,0,0,1984,"[1.0, 6.0]",,0,0,[0],['MISC'],2051.653768699173,1984,2048,64.0,1.0
201,28502,1,1048,6.0,1.0,MISC,1001,58540f191766,7007,0,0,1048,"[1.0, 6.0]",,0,0,[8],['MISC'],2106.7765481199076,1048,2049,1001.0,1.0
388,16615,1,2002,6.0,1.0,MISC,48,0ed3eacdff35,336,0,0,2002,"[1.0, 6.0]",,0,0,[0],['MISC'],2053.549495116641,2002,2050,48.0,1.0
389,82435,1,2005,2.0,0.2,T4,59,d4d51aca8806,129,0,0,2005,"[0.2, 2.0]",,0,0,[26],['T4'],2064.028987101577,2005,2064,59.0,1.0
346,53124,1,1763,10.0,0.5,T4,338,c4cbaac9966d,3549,0,0,1763,"[0.5, 10.0]",,0,0,[47],['T4'],2124.707857429822,1763,2101,338.0,1.0
279,18845,1,1445,6.0,1.0,MISC,665,2d415d162cd1,4655,0,0,1445,"[1.0, 6.0]",,0,0,[16],['MISC'],2174.1967844453134,1445,2110,665.0,1.0
393,69156,1,2040,8.0,0.5,T4,77,0a91baf066f2,654,0,0,2040,"[0.5, 8.0]",,0,0,[5],['T4'],2123.956330316305,2040,2117,77.0,1.0
405,43006,1,2096,6.0,0.05,MISC,23,58540f191766,139,0,0,2096,"[0.05, 6.0]",,0,0,[31],['MISC'],2119.2793233661637,2096,2119,23.0,1.0
396,63890,1,2050,6.0,1.0,MISC,95,42aa9724a88c,665,0,0,2050,"[1.0, 6.0]",,0,0,[8],['MISC'],2149.3390494915525,2050,2145,95.0,1.0
306,45954,1,1585,10.0,0.5,T4,562,c4cbaac9966d,5901,0,0,1585,"[0.5, 10.0]",,0,0,[28],['T4'],2172.364793754667,1585,2147,562.0,1.0
407,9246,1,2102,6.0,0.25,MISC,54,05b25af4dd8b,337,0,0,2102,"[0.25, 6.0]",,0,0,[0],['MISC'],2159.345672767553,2102,2156,54.0,1.0
362,19163,1,1833,10.0,0.5,T4,338,c4cbaac9966d,3549,0,0,1833,"[0.5, 10.0]",,0,0,[19],['T4'],2184.5503271872612,1833,2171,338.0,1.0
378,51783,1,1970,6.0,0.25,MISC,201,05b25af4dd8b,1256,0,0,1970,"[0.25, 6.0]",,0,0,[10],['MISC'],2188.038677894487,1970,2171,201.0,1.0
418,48006,1,2150,6.0,1.0,T4,24,0ed3eacdff35,168,0,0,2150,"[1.0, 6.0]",,0,0,[14],['T4'],2175.118367217313,2150,2174,24.0,1.0
386,79342,1,1993,6.0,0.5,T4,184,d4d51aca8806,1196,0,0,1993,"[0.5, 6.0]",,0,0,[47],['T4'],2177.9368248393384,1993,2177,184.0,1.0
426,79576,1,2186,6.0,1.0,T4,24,1480b75a8c96,168,0,0,2186,"[1.0, 6.0]",,0,0,[47],['T4'],2211.241902068095,2186,2210,24.0,1.0
397,5302,1,2062,6.0,1.0,MISC,154,5f4cb64dc693,1078,0,0,2062,"[1.0, 6.0]",,0,0,[31],['MISC'],2221.923048129488,2062,2216,154.0,1.0
410,78774,1,2126,6.0,1.0,MISC,97,7b76597f4283,679,0,0,2126,"[1.0, 6.0]",,0,0,[0],['MISC'],2224.7745524411166,2126,2223,97.0,1.0
392,99564,1,2019,6.0,1.0,T4,216,29380421d3fc,1512,0,0,2019,"[1.0, 6.0]",,0,0,[2],['T4'],2242.9828961540616,2019,2235,216.0,1.0
390,27903,1,2015,6.0,1.0,T4,246,c5307d7cd0cc,1722,0,0,2015,"[1.0, 6.0]",,0,0,[38],['T4'],2279.493892286698,2015,2261,246.0,1.0
309,93214,1,1600,6.0,1.0,V100,664,5b1345f03aa1,4648,0,0,1600,"[1.0, 6.0]",,0,0,[21],['V100'],2310.2483443536985,1600,2264,664.0,1.0
416,17787,1,2146,6.0,1.0,MISC,43,42aa9724a88c,301,0,0,2223,"[1.0, 6.0]",,0,0,[0],['MISC'],2189.889505388123,2223,2266,43.0,1.0
440,48122,1,2258,6.0,1.0,T4,24,0ed3eacdff35,168,0,0,2258,"[1.0, 6.0]",,0,0,[2],['T4'],2282.8673015939694,2258,2282,24.0,1.0
403,3279,1,2091,6.0,0.5,T4,210,d4d51aca8806,1365,0,0,2091,"[0.5, 6.0]",,0,0,[26],['T4'],2309.7624870505438,2091,2301,210.0,1.0
365,34422,1,1855,6.0,1.0,MISC,456,5b1345f03aa1,3192,0,0,1855,"[1.0, 6.0]",,0,0,[10],['MISC'],2316.2346984471856,1855,2311,456.0,1.0
425,73464,1,2184,6.0,0.25,T4,144,d4d51aca8806,900,0,0,2184,"[0.25, 6.0]",,0,0,[28],['T4'],2334.4240796654717,2184,2328,144.0,1.0
347,73658,1,1764,6.0,0.25,T4,566,d4d51aca8806,3537,0,0,1764,"[0.25, 6.0]",,0,0,[47],['T4'],2333.4558294901826,1764,2330,566.0,1.0
424,9444,1,2171,6.0,0.25,MISC,34,05b25af4dd8b,212,0,0,2311,"[0.25, 6.0]",,0,0,[10],['MISC'],2206.6897157325934,2311,2345,34.0,1.0
398,86335,1,2063,6.0,1.0,MISC,324,18febf35d3a1,2268,0,0,2063,"[1.0, 6.0]",,0,0,[31],['MISC'],2399.513565318257,2063,2387,324.0,1.0
374,18392,1,1940,6.0,0.25,MISC,450,ebba56ec23b9,2812,0,0,1940,"[0.25, 6.0]",,0,0,[10],['MISC'],2432.0366654057625,1940,2390,450.0,1.0
408,7673,1,2107,6.0,1.0,MISC,286,5f4cb64dc693,2002,0,0,2107,"[1.0, 6.0]",,0,0,[0],['MISC'],2405.4160637849213,2107,2393,286.0,1.0
470,64020,1,2381,6.0,3.0,V100,15,45bd92802aa9,135,0,0,2381,"[3.0, 6.0]",,0,0,[21],['V100'],2396.628688600461,2381,2396,15.0,1.0
428,87658,1,2193,6.0,1.0,MISC,61,0ed3eacdff35,427,0,0,2345,"[1.0, 6.0]",,0,0,[10],['MISC'],2259.243934833999,2345,2406,61.0,1.0
429,67706,1,2197,6.0,1.0,MISC,33,0ed3eacdff35,231,0,0,2387,"[1.0, 6.0]",,0,0,[31],['MISC'],2233.2513328335604,2387,2420,33.0,1.0
432,53031,1,2211,6.0,1.0,T4,216,c5307d7cd0cc,1512,0,0,2211,"[1.0, 6.0]",,0,0,[47],['T4'],2442.466492568229,2211,2427,216.0,1.0
431,56456,1,2211,6.0,1.0,MISC,36,0ed3eacdff35,252,0,0,2393,"[1.0, 6.0]",,0,0,[0],['MISC'],2249.0944201604125,2393,2429,36.0,1.0
202,16731,1,1050,6.0,0.25,T4,1384,d4d51aca8806,8650,0,0,1050,"[0.25, 6.0]",,0,0,[4],['T4'],2445.412104239911,1050,2434,1384.0,1.0
411,8449,1,2134,6.0,1.0,T4,315,1480b75a8c96,2205,0,0,2134,"[1.0, 6.0]",,0,0,[4],['T4'],2463.1265863922104,2134,2449,315.0,1.0
155,12918,1,833,6.0,0.25,T4,1619,d4d51aca8806,10118,0,0,833,"[0.25, 6.0]",,0,0,[49],['T4'],2516.546765436725,833,2452,1619.0,1.0
436,22732,1,2228,6.0,0.25,MISC,37,05b25af4dd8b,231,0,0,2420,"[0.25, 6.0]",,0,0,[31],['MISC'],2267.488532982083,2420,2457,37.0,1.0
307,54694,1,1595,1.0,0.25,MISC,886,58540f191766,1107,0,0,1595,"[0.25, 1.0]",,0,0,[7],['MISC'],2537.438342253213,1595,2481,886.0,1.0
301,5768,1,1570,5.0,0.5,MISC,913,6fb93540c8aa,5021,0,0,1570,"[0.5, 5.0]",,0,0,[35],['MISC'],2536.1995550893425,1570,2483,913.0,1.0
421,77507,1,2162,6.0,0.25,T4,335,d4d51aca8806,2093,0,0,2162,"[0.25, 6.0]",,0,0,[26],['T4'],2515.0933775913463,2162,2497,335.0,1.0
445,41779,1,2283,6.0,1.0,T4,246,c5307d7cd0cc,1722,0,0,2283,"[1.0, 6.0]",,0,0,[2],['T4'],2544.616391336457,2283,2529,246.0,1.0
339,36178,1,1715,6.0,0.25,MISC,831,05b25af4dd8b,5193,0,0,1715,"[0.25, 6.0]",,0,0,[45],['MISC'],2593.58762763647,1715,2546,831.0,1.0
475,1090,1,2395,18.0,1.0,P100,184,5f4cb64dc693,3496,0,0,2395,"[1.0, 18.0]",,0,0,[34],['P100'],2582.9541268871308,2395,2579,184.0,1.0
427,6751,1,2187,6.0,1.0,P100,393,58540f191766,2751,0,0,2187,"[1.0, 6.0]",,0,0,[29],['P100'],2611.2312970569656,2187,2580,393.0,1.0
464,74963,1,2364,6.0,1.0,T4,226,c5307d7cd0cc,1582,0,0,2364,"[1.0, 6.0]",,0,0,[18],['T4'],2590.2600447399864,2364,2590,226.0,1.0
255,64610,1,1300,6.0,0.25,T4,1300,d4d51aca8806,8125,0,0,1300,"[0.25, 6.0]",,0,0,[30],['T4'],2644.2796264869744,1300,2600,1300.0,1.0
349,68564,1,1769,0.5,0.25,MISC,837,b2c52019b2c6,627,0,0,1769,"[0.25, 0.5]",,0,0,[22],['MISC'],2632.2600055248613,1769,2606,837.0,1.0
413,5465,1,2137,6.0,1.0,MISC,471,58540f191766,3297,0,0,2145,"[1.0, 6.0]",,0,0,[8],['MISC'],2652.024658181096,2145,2616,471.0,1.0
380,53555,1,1972,6.0,0.25,MISC,664,a4b58e9de9c6,4150,0,0,1972,"[0.25, 6.0]",,0,0,[16],['MISC'],2668.082404905911,1972,2636,664.0,1.0
401,4200,1,2080,12.0,0.25,V100,559,5b1345f03aa1,6847,0,0,2080,"[0.25, 12.0]",,0,0,[21],['V100'],2672.569491281137,2080,2639,559.0,1.0
412,93786,1,2136,6.0,1.0,MISC,519,fb00f753b65b,3633,0,0,2136,"[1.0, 6.0]",,0,0,[0],['MISC'],2662.8879601886674,2136,2655,519.0,1.0
494,59412,1,2502,6.0,1.0,T4,155,29380421d3fc,1085,0,0,2502,"[1.0, 6.0]",,0,0,[6],['T4'],2669.6930386517884,2502,2657,155.0,1.0
417,47814,1,2149,10.0,0.5,T4,509,c4cbaac9966d,5344,0,0,2149,"[0.5, 10.0]",,0,0,[5],['T4'],2672.2293824171097,2149,2658,509.0,1.0
439,75449,1,2255,6.0,1.0,MISC,30,0ed3eacdff35,210,0,0,2636,"[1.0, 6.0]",,0,0,[16],['MISC'],2286.7367271637177,2636,2666,30.0,1.0
459,53155,1,2353,10.0,0.5,T4,314,c4cbaac9966d,3297,0,0,2353,"[0.5, 10.0]",,0,0,[26],['T4'],2691.8967897714765,2353,2667,314.0,1.0
344,25040,1,1745,4.0,0.5,MISC,930,df2899e220e8,4185,0,0,1745,"[0.5, 4.0]",,0,0,[10],['MISC'],2731.1139113130644,1745,2675,930.0,1.0
473,26991,1,2389,6.0,1.0,T4,287,c5307d7cd0cc,2009,0,0,2389,"[1.0, 6.0]",,0,0,[12],['T4'],2693.9486894128686,2389,2676,287.0,1.0
414,33792,1,2140,6.0,0.5,MISC,481,8cfd63627f23,3126,0,0,2216,"[0.5, 6.0]",,0,0,[31],['MISC'],2664.1722412016225,2216,2697,481.0,1.0
443,73371,1,2273,6.0,1.0,MISC,52,0ed3eacdff35,364,0,0,2666,"[1.0, 6.0]",,0,0,[16],['MISC'],2325.7615562050833,2666,2718,52.0,1.0
351,43919,1,1778,6.0,0.25,MISC,958,a4b58e9de9c6,5987,0,0,1778,"[0.25, 6.0]",,0,0,[10],['MISC'],2798.951630934934,1778,2736,958.0,1.0
242,65431,1,1264,6.0,1.0,MISC,1507,f134c9ec05e3,10549,0,0,1264,"[1.0, 6.0]",,0,0,[16],['MISC'],2876.7728485741172,1264,2771,1507.0,1.0
253,70902,1,1292,6.0,0.25,T4,1487,d4d51aca8806,9293,0,0,1292,"[0.25, 6.0]",,0,0,[30],['T4'],2828.3496576491098,1292,2779,1487.0,1.0
50,16905,1,321,6.0,1.0,V100,2464,7b76597f4283,17248,0,0,321,"[1.0, 6.0]",,0,0,[40],['V100'],3025.67701375269,321,2785,2464.0,1.0
479,8090,1,2406,10.0,0.5,T4,380,c4cbaac9966d,3990,0,0,2406,"[0.5, 10.0]",,0,0,[6],['T4'],2822.871685081989,2406,2786,380.0,1.0
447,57436,1,2289,6.0,1.0,MISC,64,edc10645cc3f,448,0,0,2736,"[1.0, 6.0]",,0,0,[10],['MISC'],2356.877650806252,2736,2800,64.0,1.0
455,57489,1,2332,6.0,1.0,MISC,52,0ed3eacdff35,364,0,0,2771,"[1.0, 6.0]",,0,0,[16],['MISC'],2387.5583684961166,2771,2823,52.0,1.0
454,34468,1,2323,10.0,0.5,T4,524,c4cbaac9966d,5502,0,0,2323,"[0.5, 10.0]",,0,0,[19],['T4'],2860.897040184578,2323,2847,524.0,1.0
482,58854,1,2419,10.0,0.5,T4,435,c4cbaac9966d,4567,0,0,2419,"[0.5, 10.0]",,0,0,[6],['T4'],2862.223342665851,2419,2854,435.0,1.0
99,80865,1,528,6.0,1.0,T4,2337,007d78e326bc,16359,0,0,528,"[1.0, 6.0]",,0,0,[42],['T4'],2925.4595632494697,528,2865,2337.0,1.0
491,48188,1,2486,10.0,0.5,T4,397,c4cbaac9966d,4168,0,0,2486,"[0.5, 10.0]",,0,0,[47],['T4'],2913.8874450933718,2486,2883,397.0,1.0
430,91957,1,2200,6.0,1.0,T4,698,7dd1a2bf0795,4886,0,0,2200,"[1.0, 6.0]",,0,0,[14],['T4'],2961.949658494118,2200,2898,698.0,1.0
207,34461,1,1072,6.0,0.25,MISC,1835,3960a1141089,11468,0,0,1072,"[0.25, 6.0]",,0,0,[7],['MISC'],2974.0093360641895,1072,2907,1835.0,1.0
462,78738,1,2361,6.0,0.25,MISC,33,05b25af4dd8b,206,0,0,2907,"[0.25, 6.0]",,0,0,[7],['MISC'],2396.8100901402486,2907,2940,33.0,1.0
406,20233,1,2096,10.0,0.5,T4,849,c4cbaac9966d,8914,0,0,2096,"[0.5, 10.0]",,0,0,[4],['T4'],3018.595329741597,2096,2945,849.0,1.0
467,34028,1,2379,10.0,0.5,T4,590,c4cbaac9966d,6195,0,0,2379,"[0.5, 10.0]",,0,0,[14],['T4'],2994.370433082018,2379,2969,590.0,1.0
442,45390,1,2265,6.0,1.0,MISC,318,c752dedf95a9,2226,0,0,2655,"[1.0, 6.0]",,0,0,[0],['MISC'],2593.7406287574686,2655,2973,318.0,1.0
461,32920,1,2357,6.0,1.0,MISC,175,7b76597f4283,1225,0,0,2823,"[1.0, 6.0]",,0,0,[16],['MISC'],2544.2200604107097,2823,2998,175.0,1.0
465,25149,1,2375,6.0,0.25,MISC,31,05b25af4dd8b,193,0,0,2973,"[0.25, 6.0]",,0,0,[0],['MISC'],2406.5808706089797,2973,3004,31.0,1.0
476,37084,1,2403,6.0,0.25,MISC,54,05b25af4dd8b,337,0,0,3004,"[0.25, 6.0]",,0,0,[0],['MISC'],2459.5254513958703,3004,3058,54.0,1.0
446,79530,1,2286,6.0,1.0,MISC,344,5b1345f03aa1,2408,0,0,2718,"[1.0, 6.0]",,0,0,[16],['MISC'],2632.300727019986,2718,3062,344.0,1.0
222,9843,1,1141,6.0,0.25,T4,1974,d4d51aca8806,12337,0,0,1141,"[0.25, 6.0]",,0,0,[28],['T4'],3163.912124846456,1141,3115,1974.0,1.0
221,6552,1,1135,6.0,0.25,P100,1988,7203aa95a9af,12425,0,0,1135,"[0.25, 6.0]",,0,0,[15],['P100'],3150.3953494574444,1135,3123,1988.0,1.0
135,84154,1,693,18.0,1.0,V100,2432,58540f191766,46208,0,0,693,"[1.0, 18.0]",,0,0,[40],['V100'],3305.924007300392,693,3125,2432.0,1.0
0,26707,1,6,6.0,0.1,MISC,3217,58540f191766,19623,0,0,6,"[0.1, 6.0]",,0,0,[22],['MISC'],3404.6655039792167,6,3223,3217.0,1.0
331,12887,1,1674,6.0,0.25,T4,1557,d4d51aca8806,9731,0,0,1674,"[0.25, 6.0]",,0,0,[28],['T4'],3351.2318984377507,1674,3231,1557.0,1.0
100,55699,1,532,4.0,0.5,MISC,2712,6fb93540c8aa,12204,0,0,532,"[0.5, 4.0]",,0,0,[7],['MISC'],3322.7789194106285,532,3244,2712.0,1.0
311,99942,1,1605,6.0,1.0,T4,1663,90274e906e5c,11641,0,0,1605,"[1.0, 6.0]",,0,0,[19],['T4'],3339.344183424867,1605,3268,1663.0,1.0
243,32457,1,1269,6.0,0.25,T4,2040,c9e676ebc7ef,12750,0,0,1269,"[0.25, 6.0]",,0,0,[44],['T4'],3475.4812522433676,1269,3309,2040.0,1.0
267,31399,1,1376,6.0,1.0,T4,1934,7dd1a2bf0795,13538,0,0,1376,"[1.0, 6.0]",,0,0,[48],['T4'],3450.7928827505916,1376,3310,1934.0,1.0
485,72189,1,2424,6.0,0.25,T4,930,d4d51aca8806,5812,0,0,2424,"[0.25, 6.0]",,0,0,[14],['T4'],3381.2163657757,2424,3354,930.0,1.0
256,34000,1,1306,6.0,1.0,T4,2075,45bd92802aa9,14525,0,0,1306,"[1.0, 6.0]",,0,0,[2],['T4'],3461.4602477949256,1306,3381,2075.0,1.0
341,28584,1,1732,6.0,0.5,MISC,1692,58540f191766,10998,0,0,1732,"[0.5, 6.0]",,0,0,[10],['MISC'],3444.695372190101,1732,3424,1692.0,1.0
115,32412,1,609,6.0,0.5,MISC,2837,58540f191766,18440,0,0,609,"[0.5, 6.0]",,0,0,[31],['MISC'],3641.5866420273296,609,3446,2837.0,1.0
488,36615,1,2461,6.0,0.25,MISC,29,05b25af4dd8b,181,0,0,3446,"[0.25, 6.0]",,0,0,[31],['MISC'],2490.9499015861074,3446,3475,29.0,1.0
188,43626,1,990,6.0,0.25,T4,2492,d4d51aca8806,15575,0,0,990,"[0.25, 6.0]",,0,0,[49],['T4'],3513.0653907003148,990,3482,2492.0,1.0
492,86449,1,2493,6.0,0.25,MISC,34,05b25af4dd8b,212,0,0,3475,"[0.25, 6.0]",,0,0,[31],['MISC'],2527.1696514292053,3475,3509,34.0,1.0
387,37446,1,1999,18.0,1.0,MISC,1536,58540f191766,29184,0,0,1999,"[1.0, 18.0]",,0,0,[10],['MISC'],3631.102985950468,1999,3535,1536.0,1.0
226,83244,1,1155,6.0,0.5,V100,2399,05b25af4dd8b,15593,0,0,1155,"[0.5, 6.0]",,0,0,[21],['V100'],3592.8926119922044,1155,3554,2399.0,1.0
458,74720,1,2351,6.0,0.5,MISC,787,a4b58e9de9c6,5115,0,0,2800,"[0.5, 6.0]",,0,0,[10],['MISC'],3170.634266762481,2800,3587,787.0,1.0
469,66633,1,2381,0.5,1.0,T4,1215,d4d51aca8806,1822,0,0,2381,"[1.0, 0.5]",,0,0,[12],['T4'],3605.836901679223,2381,3596,1215.0,1.0
233,7035,1,1224,6.0,0.25,T4,2374,9cc55781f4a6,14837,0,0,1224,"[0.25, 6.0]",,0,0,[49],['T4'],3788.0812998616175,1224,3598,2374.0,1.0
12,9151,1,122,6.0,1.0,T4,3524,007d78e326bc,24668,0,0,122,"[1.0, 6.0]",,0,0,[38],['T4'],3673.571317251771,122,3646,3524.0,1.0
295,6966,1,1550,1.0,0.25,MISC,2107,58540f191766,2633,0,0,1550,"[0.25, 1.0]",,0,0,[3],['MISC'],3841.712468485003,1550,3657,2107.0,1.0
483,36942,1,2420,8.0,1.0,MISC,106,a8192d6b0ae9,954,0,0,3587,"[1.0, 8.0]",,0,0,[10],['MISC'],2530.2345619770576,3587,3693,106.0,1.0
6,98789,1,45,2.0,0.25,MISC,3652,e016cedec318,8217,0,0,45,"[0.25, 2.0]",,0,0,[22],['MISC'],3699.204593349765,45,3697,3652.0,1.0
122,26805,1,625,6.0,0.1,MISC,3084,58540f191766,18812,0,0,625,"[0.1, 6.0]",,0,0,[31],['MISC'],3772.6053688651723,625,3709,3084.0,1.0
480,50860,1,2412,6.0,0.25,MISC,490,05b25af4dd8b,3062,0,0,3223,"[0.25, 6.0]",,0,0,[22],['MISC'],2943.869753432578,3223,3713,490.0,1.0
487,39619,1,2460,6.0,1.0,MISC,36,0ed3eacdff35,252,0,0,3693,"[1.0, 6.0]",,0,0,[10],['MISC'],2497.9454090958525,3693,3729,36.0,1.0
495,2456,1,2522,6.0,1.0,MISC,24,354e3b81c515,168,0,0,3713,"[1.0, 6.0]",,0,0,[22],['MISC'],2547.912849858859,3713,3737,24.0,1.0
288,73054,1,1478,6.0,0.25,T4,2294,9cc55781f4a6,14337,0,0,1478,"[0.25, 6.0]",,0,0,[47],['T4'],3878.173463514395,1478,3772,2294.0,1.0
498,60877,1,2530,6.0,1.0,MISC,75,035b9488e79a,525,0,0,3729,"[1.0, 6.0]",,0,0,[10],['MISC'],2610.3665490278554,3729,3804,75.0,1.0
499,68626,1,2535,6.0,1.0,MISC,81,58540f191766,567,0,0,3737,"[1.0, 6.0]",,0,0,[22],['MISC'],2620.77590054882,3737,3818,81.0,1.0
423,44237,1,2164,6.0,0.5,MISC,1599,58540f191766,10393,0,0,2266,"[0.5, 6.0]",,0,0,[0],['MISC'],3859.765629535903,2266,3865,1599.0,1.0
382,69641,1,1979,6.0,1.0,MISC,1902,5b1345f03aa1,13314,0,0,1979,"[1.0, 6.0]",,0,0,[8],['MISC'],4066.6173590973895,1979,3881,1902.0,1.0
2,3012,1,17,6.0,0.25,MISC,3872,c88b4a44554a,24200,0,0,17,"[0.25, 6.0]",,0,0,[22],['MISC'],4204.925522144904,17,3889,3872.0,1.0
262,76519,1,1357,6.0,0.25,T4,2583,e75720e54ece,16143,0,0,1357,"[0.25, 6.0]",,0,0,[44],['T4'],4049.4064457652494,1357,3940,2583.0,1.0
486,30682,1,2432,12.0,1.0,MISC,74,0ed3eacdff35,962,0,0,3889,"[1.0, 12.0]",,0,0,[22],['MISC'],2513.153067143536,3889,3963,74.0,1.0
329,19070,1,1662,6.0,0.25,MISC,2341,c677a0acf7c0,14631,0,0,1662,"[0.25, 6.0]",,0,0,[10],['MISC'],4203.707387124985,1662,4003,2341.0,1.0
310,55282,1,1602,6.0,0.5,MISC,2428,58540f191766,15782,0,0,1602,"[0.5, 6.0]",,0,0,[16],['MISC'],4120.502410193725,1602,4030,2428.0,1.0
274,20143,1,1422,6.0,2.0,MISC,2610,0c965a998bde,20880,0,0,1422,"[2.0, 6.0]",,0,0,[35],['MISC'],4289.6226400979185,1422,4032,2610.0,1.0
337,11376,1,1711,6.0,0.25,T4,2321,d4d51aca8806,14506,0,0,1711,"[0.25, 6.0]",,0,0,[30],['T4'],4208.871383234869,1711,4032,2321.0,1.0
466,97501,1,2376,6.0,0.25,MISC,1071,05b25af4dd8b,6693,0,0,2973,"[0.25, 6.0]",,0,0,[0],['MISC'],3489.0218873578706,2973,4044,1071.0,1.0
291,65026,1,1533,6.0,0.25,T4,2529,d4d51aca8806,15806,0,0,1533,"[0.25, 6.0]",,0,0,[47],['T4'],4193.31153500503,1533,4062,2529.0,1.0
420,91782,1,2154,6.0,0.5,MISC,1799,58540f191766,11693,0,0,2266,"[0.5, 6.0]",,0,0,[0],['MISC'],4106.425767232815,2266,4065,1799.0,1.0
381,1841,1,1978,6.0,0.25,T4,2096,d4d51aca8806,13100,0,0,1978,"[0.25, 6.0]",,0,0,[19],['T4'],4168.97430293825,1978,4074,2096.0,1.0
490,26058,1,2482,1.0,4.0,V100,1683,f94cf463f71b,8415,0,0,2482,"[4.0, 1.0]",,0,0,[32],['V100'],4243.677697600072,2482,4165,1683.0,1.0
177,36133,1,950,6.0,0.5,T4,3219,b88fff433bdf,20923,0,0,950,"[0.5, 6.0]",,0,0,[26],['T4'],4426.535989131762,950,4169,3219.0,1.0
433,58944,1,2212,6.0,0.25,MISC,1815,b3bfe9b79bb5,11343,0,0,2406,"[0.25, 6.0]",,0,0,[10],['MISC'],4044.3679846245072,2406,4221,1815.0,1.0
