job_id,submit_time,duration,jct,num_inst,gpu_type,num_cpu,num_gpu,size,wasted,resource,node,allocated_at,waiting_time,progress
26707,6,3217.0,3217.0,1,MISC,6.0,0.1,19623,0,"[0.1, 6.0]",0,6,0,321.70000000000005
31388,13,413.0,413.0,1,MISC,6.0,0.25,2581,0,"[0.25, 6.0]",1,13,0,103.25
3012,17,3872.0,3872.0,1,MISC,6.0,0.25,24200,0,"[0.25, 6.0]",2,17,0,968.0
38584,27,148.0,148.0,1,MISC,6.0,0.2,917,0,"[0.2, 6.0]",3,27,0,29.6
9780,36,41.0,41.0,1,MISC,6.0,1.0,287,0,"[1.0, 6.0]",4,36,0,41.0
74735,36,246.0,246.0,1,T4,6.0,1.0,1722,0,"[1.0, 6.0]",10,36,0,246.0
98789,45,3652.0,3652.0,1,MISC,2.0,0.25,8217,0,"[0.25, 2.0]",5,45,0,913.0
36037,49,136.0,136.0,1,MISC,6.0,1.0,952,0,"[1.0, 6.0]",6,49,0,136.0
88846,65,7172.0,-1,1,MISC,6.0,0.1,43749,0,"[0.1, 6.0]",7,65,0,468.0
67165,92,82.0,82.0,1,MISC,6.0,1.0,574,0,"[1.0, 6.0]",4,92,0,82.0
13926,105,6902.0,-1,1,T4,6.0,0.25,43137,0,"[0.25, 6.0]",11,105,0,1160.0
79320,115,1793.0,1793.0,1,T4,6.0,1.0,12551,0,"[1.0, 6.0]",12,115,0,1793.0
9151,122,3524.0,3524.0,1,T4,6.0,1.0,24668,0,"[1.0, 6.0]",13,122,0,3524.0
67105,128,24.0,24.0,1,T4,6.0,1.0,168,0,"[1.0, 6.0]",14,128,0,24.0
99234,130,64833.0,-1,1,MISC,6.0,0.25,405206,0,"[0.25, 6.0]",8,130,0,1153.75
1147,135,174.0,174.0,1,MISC,6.0,1.0,1218,0,"[1.0, 6.0]",9,135,0,174.0
45272,135,134.0,134.0,1,MISC,6.0,1.0,938,0,"[1.0, 6.0]",5,135,0,134.0
58030,138,795.0,795.0,1,MISC,1.0,1.0,1590,0,"[1.0, 1.0]",0,138,0,795.0
88406,138,114.0,114.0,1,T4,6.0,0.25,712,0,"[0.25, 6.0]",15,138,0,28.5
2260,144,268.0,268.0,1,MISC,6.0,0.25,1675,0,"[0.25, 6.0]",3,144,0,67.0
46162,145,637.0,637.0,1,MISC,6.0,1.0,4459,0,"[1.0, 6.0]",7,145,0,637.0
35720,149,130.0,130.0,1,MISC,6.0,0.25,812,0,"[0.25, 6.0]",1,149,0,32.5
55918,170,67860.0,-1,1,MISC,6.0,0.5,441090,0,"[0.5, 6.0]",2,170,0,2287.5
9691,171,146.0,146.0,1,MISC,18.0,1.0,2774,0,"[1.0, 18.0]",8,171,0,146.0
91591,173,114446.0,-1,1,MISC,6.0,1.0,801122,0,"[1.0, 6.0]",1,173,0,4572.0
56122,174,103.0,103.0,1,MISC,6.0,1.0,721,0,"[1.0, 6.0]",4,174,0,103.0
18435,176,34.0,34.0,1,P100,6.0,0.25,212,0,"[0.25, 6.0]",28,176,0,8.5
53174,183,1158.0,1158.0,1,MISC,6.0,0.25,7237,0,"[0.25, 6.0]",3,183,0,289.5
9017,184,10141.0,-1,1,P100,18.0,1.0,192679,0,"[1.0, 18.0]",29,184,0,4561.0
91657,189,6746.0,-1,1,MISC,18.0,1.0,128174,0,"[1.0, 18.0]",6,189,0,4556.0
35917,193,221.0,221.0,1,MISC,4.0,0.5,994,0,"[0.5, 4.0]",3,193,0,110.5
58012,198,331.0,331.0,1,MISC,6.0,0.25,2068,0,"[0.25, 6.0]",4,198,0,82.75
9202,207,225.0,225.0,1,P100,18.0,1.0,4275,0,"[1.0, 18.0]",30,207,0,225.0
4423,214,4953.0,-1,1,T4,6.0,0.15,30460,0,"[0.15, 6.0]",14,214,0,679.65
78085,216,532.0,532.0,1,MISC,6.0,0.5,3458,0,"[0.5, 6.0]",9,216,0,266.0
82211,224,48.0,48.0,1,P100,6.0,1.0,336,0,"[1.0, 6.0]",28,224,0,48.0
13006,245,389.0,389.0,1,T4,10.0,0.5,4084,0,"[0.5, 10.0]",16,245,0,194.5
2602,247,31.0,31.0,1,MISC,6.0,1.0,217,0,"[1.0, 6.0]",0,247,0,31.0
6290,259,62292.0,-1,1,MISC,6.0,0.5,404898,0,"[0.5, 6.0]",2,259,0,2243.0
97682,269,168.0,168.0,1,V100,6.0,0.5,1092,0,"[0.5, 6.0]",47,269,0,84.0
21925,274,28.0,28.0,1,MISC,6.0,0.25,175,0,"[0.25, 6.0]",5,274,0,7.0
87981,276,628.0,628.0,1,T4,6.0,0.25,3925,0,"[0.25, 6.0]",15,276,0,157.0
85759,280,27.0,27.0,1,MISC,6.0,1.0,189,0,"[1.0, 6.0]",4,280,0,27.0
55930,286,28992.0,-1,1,MISC,6.0,0.5,188448,0,"[0.5, 6.0]",5,286,0,2229.5
43070,287,6052.0,-1,1,MISC,6.0,0.5,39338,0,"[0.5, 6.0]",0,287,0,2229.0
25694,295,4670.0,-1,1,P100,18.0,2.0,93400,0,"[2.0, 18.0]",28,295,0,8900.0
42540,296,543.0,543.0,1,T4,10.0,0.5,5701,0,"[0.5, 10.0]",10,296,0,271.5
72601,302,153.0,153.0,1,MISC,6.0,1.0,1071,0,"[1.0, 6.0]",5,302,0,153.0
78927,302,11533.0,-1,1,P100,18.0,1.0,219127,0,"[1.0, 18.0]",31,302,0,4443.0
66291,317,31.0,31.0,1,MISC,6.0,1.0,217,0,"[1.0, 6.0]",4,317,0,31.0
16905,321,2464.0,2464.0,1,V100,6.0,1.0,17248,0,"[1.0, 6.0]",48,321,0,2464.0
85475,333,78.0,78.0,1,P100,6.0,1.0,546,0,"[1.0, 6.0]",32,333,0,78.0
84290,342,185.0,185.0,1,P100,6.0,1.0,1295,0,"[1.0, 6.0]",33,342,0,185.0
43104,343,51.0,51.0,1,MISC,6.0,2.0,408,0,"[2.0, 6.0]",8,343,0,102.0
43339,347,1699.0,1699.0,1,T4,6.0,0.25,10618,0,"[0.25, 6.0]",17,347,0,424.75
36377,349,488.0,488.0,1,T4,10.0,0.5,5124,0,"[0.5, 10.0]",18,349,0,244.0
37099,351,5934.0,-1,1,V100,0.5,5.0,32637,0,"[5.0, 0.5]",49,351,0,21970.0
66249,358,25.0,25.0,1,MISC,6.0,1.0,175,0,"[1.0, 6.0]",4,358,0,25.0
17622,361,41.0,41.0,1,MISC,6.0,1.0,287,0,"[1.0, 6.0]",9,361,0,41.0
48093,364,161.0,161.0,1,MISC,6.0,0.25,1006,0,"[0.25, 6.0]",7,364,0,40.25
32592,371,456.0,456.0,1,T4,6.0,1.0,3192,0,"[1.0, 6.0]",19,371,0,456.0
56225,391,28069.0,-1,1,MISC,6.0,0.25,175431,0,"[0.25, 6.0]",4,391,0,1088.5
59447,395,41.0,41.0,1,MISC,6.0,1.0,287,0,"[1.0, 6.0]",8,395,0,41.0
56249,399,37.0,37.0,1,MISC,6.0,1.0,259,0,"[1.0, 6.0]",4,399,0,37.0
59609,405,12103.0,-1,1,MISC,18.0,1.0,229957,0,"[1.0, 18.0]",9,405,0,4340.0
84597,410,13266.0,-1,1,T4,6.0,0.25,82912,0,"[0.25, 6.0]",20,410,0,1083.75
67230,415,149.0,149.0,1,MISC,16.0,1.0,2533,0,"[1.0, 16.0]",3,415,0,149.0
12647,422,104.0,104.0,1,T4,6.0,1.0,728,0,"[1.0, 6.0]",21,422,0,104.0
40189,425,9053.0,-1,1,T4,6.0,0.25,56581,0,"[0.25, 6.0]",22,425,0,1080.0
38014,435,63.0,63.0,1,MISC,12.0,1.0,819,0,"[1.0, 12.0]",1,435,0,63.0
94454,435,18267.0,-1,1,MISC,6.0,0.25,114168,0,"[0.25, 6.0]",8,435,0,1077.5
85568,438,41.0,41.0,1,MISC,6.0,1.0,287,0,"[1.0, 6.0]",4,438,0,41.0
14560,439,4677.0,-1,1,P100,6.0,1.0,32739,0,"[1.0, 6.0]",30,439,0,4306.0
93384,439,80.0,80.0,1,MISC,2.0,0.25,180,0,"[0.25, 2.0]",8,439,0,20.0
94609,441,728.0,728.0,1,MISC,6.0,0.25,4550,0,"[0.25, 6.0]",8,441,0,182.0
19991,450,136.0,136.0,1,MISC,3.0,0.5,476,0,"[0.5, 3.0]",6,450,0,68.0
12961,464,825.0,825.0,1,MISC,6.0,0.25,5156,0,"[0.25, 6.0]",5,464,0,206.25
55801,470,164.0,164.0,1,MISC,6.0,1.0,1148,0,"[1.0, 6.0]",5,470,0,164.0
88289,471,42509.0,-1,1,T4,14.0,1.0,637635,0,"[1.0, 14.0]",23,471,0,4274.0
79555,473,6480.0,-1,1,MISC,6.0,0.1,39528,0,"[0.1, 6.0]",0,473,0,427.20000000000005
20774,475,294.0,294.0,1,T4,6.0,0.25,1837,0,"[0.25, 6.0]",24,475,0,73.5
83601,476,244.0,244.0,1,MISC,6.0,0.25,1525,0,"[0.25, 6.0]",2,476,0,61.0
10891,481,6680.0,-1,1,MISC,6.0,0.5,43420,0,"[0.5, 6.0]",4,481,0,2132.0
64260,483,14.0,14.0,1,T4,6.0,1.0,98,0,"[1.0, 6.0]",25,483,0,14.0
7083,484,153.0,153.0,1,T4,6.0,0.25,956,0,"[0.25, 6.0]",26,484,0,38.25
49811,484,660.0,660.0,1,T4,0.5,1.0,990,0,"[1.0, 0.5]",27,484,0,660.0
82711,486,28.0,28.0,1,MISC,6.0,1.0,196,0,"[1.0, 6.0]",4,486,0,28.0
99841,488,101.0,101.0,1,T4,2.0,0.2,222,0,"[0.2, 2.0]",14,488,0,20.200000000000003
22519,489,8299.0,-1,1,MISC,6.0,0.25,51868,0,"[0.25, 6.0]",8,489,0,1064.0
64752,491,851.0,851.0,1,T4,6.0,0.5,5531,0,"[0.5, 6.0]",11,491,0,425.5
61628,492,373.0,373.0,1,T4,10.0,0.5,3916,0,"[0.5, 10.0]",15,492,0,186.5
22659,499,474.0,474.0,1,T4,6.0,0.25,2962,0,"[0.25, 6.0]",25,499,0,118.5
72922,509,890.0,890.0,1,MISC,6.0,0.25,5562,0,"[0.25, 6.0]",1,509,0,222.5
78034,513,28174.0,-1,1,MISC,6.0,0.5,183131,0,"[0.5, 6.0]",1,513,0,2116.0
72506,515,66247.0,-1,1,T4,3.0,1.0,264988,0,"[1.0, 3.0]",17,515,0,4230.0
2707,517,370.0,370.0,1,T4,10.0,0.5,3885,0,"[0.5, 10.0]",20,517,0,185.0
18480,522,65.0,65.0,1,MISC,6.0,0.25,406,0,"[0.25, 6.0]",4,522,0,16.25
61372,523,170.0,170.0,1,MISC,6.0,2.0,1360,0,"[2.0, 6.0]",7,523,0,340.0
20393,525,65.0,65.0,1,T4,16.0,1.0,1105,0,"[1.0, 16.0]",22,525,0,65.0
80865,528,2337.0,2337.0,1,T4,6.0,1.0,16359,0,"[1.0, 6.0]",21,528,0,2337.0
55699,532,2712.0,2712.0,1,MISC,4.0,0.5,12204,0,"[0.5, 4.0]",4,532,0,1356.0
57566,538,773.0,773.0,1,MISC,6.0,1.0,5411,0,"[1.0, 6.0]",3,538,0,773.0
88812,539,1367.0,1367.0,1,MISC,18.0,1.0,25973,0,"[1.0, 18.0]",8,539,0,1367.0
48762,546,150.0,150.0,1,MISC,6.0,1.0,1050,0,"[1.0, 6.0]",1,546,0,150.0
55776,551,256.0,256.0,1,MISC,6.0,1.0,1792,0,"[1.0, 6.0]",6,551,0,256.0
62493,567,102.0,102.0,1,MISC,6.0,0.5,663,0,"[0.5, 6.0]",3,567,0,51.0
99647,572,41.0,41.0,1,MISC,6.0,0.25,256,0,"[0.25, 6.0]",3,572,0,10.25
48289,582,41700.0,-1,1,MISC,6.0,0.25,260625,0,"[0.25, 6.0]",0,582,0,1040.75
64241,592,64.0,64.0,1,T4,8.0,1.0,576,0,"[1.0, 8.0]",14,592,0,64.0
9952,596,1433.0,1433.0,1,MISC,6.0,1.0,10031,0,"[1.0, 6.0]",4,596,0,1433.0
32556,596,386.0,386.0,1,T4,6.0,1.0,2702,0,"[1.0, 6.0]",22,596,0,386.0
25681,597,84.0,84.0,1,MISC,6.0,0.25,525,0,"[0.25, 6.0]",2,597,0,21.0
34510,599,994.0,994.0,1,T4,10.0,0.5,10437,0,"[0.5, 10.0]",24,599,0,497.0
99243,601,55918.0,-1,1,MISC,6.0,0.5,363467,0,"[0.5, 6.0]",9,601,0,2072.0
95280,607,63.0,63.0,1,T4,6.0,1.0,441,0,"[1.0, 6.0]",25,607,0,63.0
32412,609,2837.0,2837.0,1,MISC,6.0,0.5,18440,0,"[0.5, 6.0]",5,609,0,1418.5
42125,609,124.0,124.0,1,MISC,6.0,0.5,806,0,"[0.5, 6.0]",0,609,0,62.0
27662,610,55.0,55.0,1,T4,6.0,1.0,385,0,"[1.0, 6.0]",26,610,0,55.0
20574,613,334.0,334.0,1,T4,6.0,0.25,2087,0,"[0.25, 6.0]",10,613,0,83.5
50533,619,58447.0,-1,1,MISC,6.0,0.5,379905,0,"[0.5, 6.0]",3,619,0,2063.0
51794,619,7587.0,-1,1,MISC,6.0,4.0,75870,0,"[4.0, 6.0]",6,619,0,16504.0
81263,623,321.0,321.0,1,T4,6.0,0.5,2086,0,"[0.5, 6.0]",16,623,0,160.5
26805,625,3084.0,3084.0,1,MISC,6.0,0.1,18812,0,"[0.1, 6.0]",4,625,0,308.40000000000003
52487,639,236.0,236.0,1,T4,6.0,1.0,1652,0,"[1.0, 6.0]",16,639,0,236.0
42097,652,55071.0,-1,1,T4,6.0,0.25,344193,0,"[0.25, 6.0]",18,652,0,1023.25
90854,663,186.0,186.0,1,MISC,6.0,1.0,1302,0,"[1.0, 6.0]",5,663,0,186.0
91301,666,13176.0,-1,1,MISC,6.0,0.1,80373,0,"[0.1, 6.0]",2,666,0,407.90000000000003
27762,669,213.0,213.0,1,MISC,6.0,0.25,1331,0,"[0.25, 6.0]",3,669,0,53.25
33665,670,396.0,396.0,1,T4,6.0,0.5,2574,0,"[0.5, 6.0]",26,670,0,198.0
38202,674,16853.0,-1,1,MISC,18.0,1.0,320207,0,"[1.0, 18.0]",3,674,0,4071.0
38855,674,4035.0,4035.0,1,MISC,6.0,0.25,25218,0,"[0.25, 6.0]",9,674,0,1008.75
4318,680,542.0,542.0,1,MISC,6.0,0.25,3387,0,"[0.25, 6.0]",4,680,0,135.5
22932,683,55.0,55.0,1,MISC,6.0,1.0,385,0,"[1.0, 6.0]",2,683,0,55.0
72655,690,4584.0,-1,1,MISC,18.0,1.0,87096,0,"[1.0, 18.0]",5,690,0,4055.0
33693,693,4353.0,-1,1,T4,0.5,1.0,6529,0,"[1.0, 0.5]",14,693,0,4052.0
84154,693,2432.0,2432.0,1,V100,18.0,1.0,46208,0,"[1.0, 18.0]",47,693,0,2432.0
42369,703,1128.0,1128.0,1,MISC,6.0,1.0,7896,0,"[1.0, 6.0]",7,703,0,1128.0
25230,740,5221.0,-1,1,MISC,6.0,1.0,36547,0,"[1.0, 6.0]",1,740,0,4005.0
40822,745,23452.0,-1,1,MISC,6.0,1.0,164164,0,"[1.0, 6.0]",2,745,0,4000.0
53754,753,942.0,942.0,1,MISC,6.0,0.25,5887,0,"[0.25, 6.0]",7,753,0,235.5
28069,767,226.0,226.0,1,T4,6.0,1.0,1582,0,"[1.0, 6.0]",25,767,0,226.0
65863,774,275.0,275.0,1,T4,6.0,1.0,1925,0,"[1.0, 6.0]",26,774,0,275.0
15794,776,36.0,36.0,1,T4,6.0,0.25,225,0,"[0.25, 6.0]",24,776,0,9.0
43799,777,1048.0,1048.0,1,MISC,6.0,0.5,6812,0,"[0.5, 6.0]",0,777,0,524.0
91344,782,41529.0,-1,1,MISC,6.0,0.1,253326,0,"[0.1, 6.0]",7,782,0,396.3
98850,783,53.0,53.0,1,MISC,6.0,0.25,331,0,"[0.25, 6.0]",7,783,0,13.25
58459,785,598.0,598.0,1,T4,6.0,0.25,3737,0,"[0.25, 6.0]",11,785,0,149.5
83617,790,6626.0,-1,1,MISC,6.0,0.5,43069,0,"[0.5, 6.0]",7,790,0,1977.5
70821,794,31.0,31.0,1,MISC,6.0,0.25,193,0,"[0.25, 6.0]",9,794,0,7.75
30934,798,64.0,64.0,1,T4,6.0,1.0,448,0,"[1.0, 6.0]",27,798,0,64.0
7837,812,3478.0,3478.0,1,MISC,6.0,0.25,21737,0,"[0.25, 6.0]",1,812,0,869.5
10931,814,84.0,84.0,1,MISC,6.0,0.25,525,0,"[0.25, 6.0]",2,814,0,21.0
43417,819,295.0,295.0,1,MISC,6.0,0.25,1843,0,"[0.25, 6.0]",0,819,0,73.75
72955,820,187.0,187.0,1,MISC,6.0,0.25,1168,0,"[0.25, 6.0]",9,820,0,46.75
31026,830,26.0,26.0,1,MISC,1.0,0.01,26,0,"[0.01, 1.0]",9,830,0,0.26
12918,833,1619.0,1619.0,1,T4,6.0,0.25,10118,0,"[0.25, 6.0]",19,833,0,404.75
25548,834,466.0,466.0,1,T4,6.0,0.25,2912,0,"[0.25, 6.0]",19,834,0,116.5
78803,840,687.0,687.0,1,T4,6.0,1.0,4809,0,"[1.0, 6.0]",10,840,0,687.0
73074,852,8497.0,-1,1,MISC,6.0,1.0,59479,0,"[1.0, 6.0]",7,852,0,3893.0
33677,866,316.0,316.0,1,T4,6.0,0.5,2054,0,"[0.5, 6.0]",15,866,0,158.0
46483,866,396.0,396.0,1,MISC,6.0,1.0,2772,0,"[1.0, 6.0]",9,866,0,396.0
12361,873,1146.0,1146.0,1,T4,6.0,0.25,7162,0,"[0.25, 6.0]",18,873,0,286.5
42294,881,631.0,631.0,1,MISC,6.0,0.5,4101,0,"[0.5, 6.0]",1,881,0,315.5
17525,896,679.0,679.0,1,T4,10.0,0.5,7129,0,"[0.5, 10.0]",20,896,0,339.5
89895,906,236.0,236.0,1,T4,6.0,0.25,1475,0,"[0.25, 6.0]",15,906,0,59.0
59231,908,342.0,342.0,1,T4,10.0,0.5,3591,0,"[0.5, 10.0]",16,908,0,171.0
68558,912,47674.0,-1,1,MISC,6.0,5.0,524414,0,"[5.0, 6.0]",2,912,0,19165.0
27859,914,447.0,447.0,1,T4,6.0,1.0,3129,0,"[1.0, 6.0]",24,914,0,447.0
14172,918,37.0,37.0,1,MISC,6.0,0.1,225,0,"[0.1, 6.0]",4,918,0,3.7
40354,924,462.0,462.0,1,T4,10.0,0.5,4851,0,"[0.5, 10.0]",18,924,0,231.0
31019,930,3752.0,3752.0,1,V100,18.0,1.0,71288,0,"[1.0, 18.0]",48,930,0,3752.0
12519,931,4802.0,-1,1,MISC,6.0,1.0,33614,0,"[1.0, 6.0]",8,931,0,3814.0
81199,931,217.0,217.0,1,MISC,6.0,2.0,1736,0,"[2.0, 6.0]",5,931,0,434.0
39082,938,1048.0,1048.0,1,MISC,0.2,0.1,314,0,"[0.1, 0.2]",0,938,0,104.80000000000001
38150,939,17596.0,-1,1,MISC,18.0,1.0,334324,0,"[1.0, 18.0]",0,939,0,3806.0
51963,940,8827.0,-1,1,MISC,6.0,0.1,53844,0,"[0.1, 6.0]",3,940,0,380.5
5921,947,5320.0,-1,1,MISC,6.0,0.5,34580,0,"[0.5, 6.0]",7,947,0,1899.0
36133,950,3219.0,3219.0,1,T4,6.0,0.5,20923,0,"[0.5, 6.0]",16,950,0,1609.5
47678,954,24.0,24.0,1,T4,6.0,1.0,168,0,"[1.0, 6.0]",19,954,0,24.0
84155,956,12636.0,-1,1,V100,18.0,1.0,240084,0,"[1.0, 18.0]",47,956,0,3789.0
13731,957,6693.0,-1,1,MISC,18.0,1.0,127167,0,"[1.0, 18.0]",4,957,0,3788.0
15988,958,5359.0,-1,1,MISC,6.0,1.0,37513,0,"[1.0, 6.0]",3,958,0,3787.0
96957,966,88.0,88.0,1,MISC,6.0,0.5,572,0,"[0.5, 6.0]",1,966,0,44.0
66892,971,314.0,314.0,1,MISC,6.0,1.0,2198,0,"[1.0, 6.0]",9,971,0,314.0
6158,974,4189.0,-1,1,T4,6.0,0.25,26181,0,"[0.25, 6.0]",15,974,0,942.75
92910,984,12697.0,-1,1,P100,6.0,1.0,88879,0,"[1.0, 6.0]",32,984,0,3761.0
20893,985,14925.0,-1,1,V100,6.0,1.0,104475,0,"[1.0, 6.0]",48,985,0,3760.0
65210,985,3650.0,3650.0,1,MISC,6.0,0.1,22265,0,"[0.1, 6.0]",7,985,0,365.0
43626,990,2492.0,2492.0,1,T4,6.0,0.25,15575,0,"[0.25, 6.0]",22,990,0,623.0
19202,992,205.0,205.0,1,T4,6.0,1.0,1435,0,"[1.0, 6.0]",19,992,0,205.0
27464,1000,372.0,372.0,1,MISC,6.0,0.5,2418,0,"[0.5, 6.0]",6,1000,0,186.0
47339,1000,12283.0,-1,1,MISC,6.0,0.25,76768,0,"[0.25, 6.0]",8,1000,0,936.25
93719,1015,97283.0,-1,1,MISC,6.0,0.5,632339,0,"[0.5, 6.0]",9,1015,0,1865.0
45570,1019,4269.0,-1,1,MISC,6.0,0.1,26040,0,"[0.1, 6.0]",0,1019,0,372.6
76404,1020,103.0,103.0,1,MISC,6.0,0.5,669,0,"[0.5, 6.0]",1,1020,0,51.5
355,1025,226.0,226.0,1,T4,6.0,0.5,1469,0,"[0.5, 6.0]",25,1025,0,113.0
35847,1030,4352.0,-1,1,T4,6.0,0.5,28288,0,"[0.5, 6.0]",25,1030,0,1857.5
44728,1030,49.0,49.0,1,T4,6.0,0.5,318,0,"[0.5, 6.0]",22,1030,0,24.5
88049,1036,138.0,138.0,1,MISC,16.0,1.0,2346,0,"[1.0, 16.0]",7,1036,0,138.0
1234,1037,12797.0,-1,1,MISC,6.0,0.25,79981,0,"[0.25, 6.0]",8,1037,0,927.0
14852,1041,6859.0,-1,1,MISC,1.0,0.25,8573,0,"[0.25, 1.0]",0,1041,0,926.0
28502,1048,1001.0,1001.0,1,MISC,6.0,1.0,7007,0,"[1.0, 6.0]",3,1048,0,1001.0
16731,1050,1384.0,1384.0,1,T4,6.0,0.25,8650,0,"[0.25, 6.0]",26,1050,0,346.0
84874,1051,3864.0,-1,1,P100,6.0,0.25,24150,0,"[0.25, 6.0]",33,1051,0,923.5
85004,1057,9807.0,-1,1,P100,18.0,1.0,186333,0,"[1.0, 18.0]",34,1057,0,3688.0
1596,1063,968.0,968.0,1,T4,6.0,0.25,6050,0,"[0.25, 6.0]",26,1063,0,242.0
23810,1063,910.0,910.0,1,MISC,6.0,1.0,6370,0,"[1.0, 6.0]",1,1063,0,910.0
34461,1072,1835.0,1835.0,1,MISC,6.0,0.25,11468,0,"[0.25, 6.0]",4,1072,0,458.75
12796,1075,41140.0,-1,1,T4,6.0,1.0,287980,0,"[1.0, 6.0]",26,1075,0,3670.0
70414,1078,37.0,37.0,1,MISC,6.0,2.0,296,0,"[2.0, 6.0]",6,1078,0,74.0
13523,1079,4793.0,-1,1,MISC,4.0,0.5,21568,0,"[0.5, 4.0]",5,1079,0,1833.0
34627,1079,3359.0,3359.0,1,MISC,6.0,0.5,21833,0,"[0.5, 6.0]",0,1079,0,1679.5
35666,1094,190.0,190.0,1,MISC,6.0,2.0,1520,0,"[2.0, 6.0]",9,1094,0,380.0
65752,1098,22433.0,-1,1,MISC,6.0,0.25,140206,0,"[0.25, 6.0]",8,1098,0,911.75
66597,1103,675.0,675.0,1,T4,6.0,0.5,4387,0,"[0.5, 6.0]",22,1103,0,337.5
99400,1112,124.0,124.0,1,T4,6.0,1.0,868,0,"[1.0, 6.0]",27,1112,0,124.0
52418,1119,277.0,277.0,1,T4,6.0,1.0,1939,0,"[1.0, 6.0]",20,1119,0,277.0
83845,1119,12419.0,-1,1,MISC,6.0,0.25,77618,0,"[0.25, 6.0]",6,1119,0,906.5
4983,1126,16.0,16.0,1,MISC,0.2,0.1,4,0,"[0.1, 0.2]",1,1126,0,1.6
15885,1133,27513.0,-1,1,T4,6.0,0.25,171956,0,"[0.25, 6.0]",10,1133,0,903.0
15796,1134,92.0,92.0,1,T4,2.0,1.0,276,0,"[1.0, 2.0]",12,1134,0,92.0
6552,1135,1988.0,1988.0,1,P100,6.0,0.25,12425,0,"[0.25, 6.0]",35,1135,0,497.0
9843,1141,1974.0,1974.0,1,T4,6.0,0.25,12337,0,"[0.25, 6.0]",13,1141,0,493.5
71944,1145,12901.0,-1,1,MISC,6.0,0.5,83856,0,"[0.5, 6.0]",1,1145,0,1800.0
85064,1152,14993.0,-1,1,P100,18.0,1.0,284867,0,"[1.0, 18.0]",36,1152,0,3593.0
6351,1154,228.0,228.0,1,MISC,6.0,1.0,1596,0,"[1.0, 6.0]",5,1154,0,228.0
30894,1155,15967.0,-1,1,MISC,6.0,0.2,98995,0,"[0.2, 6.0]",5,1155,0,718.0
83244,1155,2399.0,2399.0,1,V100,6.0,0.5,15593,0,"[0.5, 6.0]",47,1155,0,1199.5
66049,1187,264.0,264.0,1,MISC,6.0,0.25,1650,0,"[0.25, 6.0]",7,1187,0,66.0
49951,1190,344.0,344.0,1,T4,10.0,0.5,3612,0,"[0.5, 10.0]",15,1190,0,172.0
52005,1199,5227.0,-1,1,MISC,6.0,0.1,31884,0,"[0.1, 6.0]",7,1199,0,354.6
40014,1202,34.0,34.0,1,MISC,6.0,1.0,238,0,"[1.0, 6.0]",0,1202,0,34.0
81646,1214,247.0,247.0,1,MISC,6.0,0.5,1605,0,"[0.5, 6.0]",8,1214,0,123.5
7035,1224,2374.0,2374.0,1,T4,6.0,0.25,14837,0,"[0.25, 6.0]",19,1224,0,593.5
36461,1227,365.0,365.0,1,T4,10.0,0.5,3832,0,"[0.5, 10.0]",15,1227,0,182.5
96217,1235,383.0,383.0,1,V100,6.0,1.0,2681,0,"[1.0, 6.0]",49,1235,0,383.0
23404,1237,298.0,298.0,1,MISC,6.0,0.25,1862,0,"[0.25, 6.0]",4,1237,0,74.5
3075,1238,292.0,292.0,1,MISC,6.0,0.5,1898,0,"[0.5, 6.0]",0,1238,0,146.0
71128,1241,66.0,66.0,1,MISC,6.0,1.0,462,0,"[1.0, 6.0]",4,1241,0,66.0
94665,1251,153.0,153.0,1,MISC,1.0,1.0,306,0,"[1.0, 1.0]",5,1251,0,153.0
48949,1253,28.0,28.0,1,MISC,6.0,1.0,196,0,"[1.0, 6.0]",6,1253,0,28.0
60054,1264,69.0,69.0,1,MISC,6.0,1.0,483,0,"[1.0, 6.0]",1,1264,0,69.0
65431,1264,1507.0,1507.0,1,MISC,6.0,1.0,10549,0,"[1.0, 6.0]",7,1264,0,1507.0
32457,1269,2040.0,2040.0,1,T4,6.0,0.25,12750,0,"[0.25, 6.0]",27,1269,0,510.0
52239,1270,4105.0,-1,1,MISC,6.0,0.1,25040,0,"[0.1, 6.0]",3,1270,0,347.5
59309,1270,8398.0,-1,1,MISC,6.0,0.25,52487,0,"[0.25, 6.0]",9,1270,0,868.75
16480,1272,5644.0,-1,1,MISC,8.0,0.25,46563,0,"[0.25, 8.0]",0,1272,0,868.25
23339,1272,21473.0,-1,1,MISC,1.0,1.0,42946,0,"[1.0, 1.0]",8,1272,0,3473.0
14159,1274,40.0,40.0,1,MISC,6.0,0.1,244,0,"[0.1, 6.0]",5,1274,0,4.0
54513,1274,65.0,65.0,1,T4,6.0,1.0,455,0,"[1.0, 6.0]",27,1274,0,65.0
93466,1281,4389.0,-1,1,MISC,6.0,1.0,30723,0,"[1.0, 6.0]",6,1281,0,3464.0
99842,1284,37905.0,-1,1,MISC,6.0,0.1,231220,0,"[0.1, 6.0]",9,1284,0,346.1
33340,1292,14184.0,-1,1,T4,6.0,0.25,88650,0,"[0.25, 6.0]",16,1292,0,863.25
70902,1292,1487.0,1487.0,1,T4,6.0,0.25,9293,0,"[0.25, 6.0]",25,1292,0,371.75
85054,1295,15250.0,-1,1,P100,18.0,1.0,289750,0,"[1.0, 18.0]",37,1295,0,3450.0
64610,1300,1300.0,1300.0,1,T4,6.0,0.25,8125,0,"[0.25, 6.0]",19,1300,0,325.0
34000,1306,2075.0,2075.0,1,T4,6.0,1.0,14525,0,"[1.0, 6.0]",16,1306,0,2075.0
73792,1306,56.0,56.0,1,MISC,6.0,1.0,392,0,"[1.0, 6.0]",9,1306,0,56.0
28171,1312,216.0,216.0,1,T4,6.0,1.0,1512,0,"[1.0, 6.0]",25,1312,0,216.0
42958,1330,16434.0,-1,1,MISC,9.0,0.25,152014,0,"[0.25, 9.0]",9,1330,0,853.75
97935,1335,5585.0,-1,1,MISC,18.0,1.0,106115,0,"[1.0, 18.0]",3,1335,0,3410.0
46769,1344,107.0,107.0,1,MISC,6.0,1.0,749,0,"[1.0, 6.0]",4,1344,0,107.0
76519,1357,2583.0,2583.0,1,T4,6.0,0.25,16143,0,"[0.25, 6.0]",27,1357,0,645.75
5932,1363,6234.0,-1,1,MISC,6.0,0.5,40521,0,"[0.5, 6.0]",9,1363,0,1691.0
74949,1364,150.0,150.0,1,MISC,6.0,0.5,975,0,"[0.5, 6.0]",9,1364,0,75.0
62668,1370,221.0,221.0,1,MISC,6.0,0.5,1436,0,"[0.5, 6.0]",1,1370,0,110.5
27313,1372,4763.0,-1,1,MISC,18.0,1.0,90497,0,"[1.0, 18.0]",5,1372,0,3373.0
31399,1376,1934.0,1934.0,1,T4,6.0,1.0,13538,0,"[1.0, 6.0]",24,1376,0,1934.0
17897,1378,38.0,38.0,1,T4,12.0,0.05,457,0,"[0.05, 12.0]",11,1378,0,1.9000000000000001
68224,1385,560.0,560.0,1,T4,10.0,0.5,5880,0,"[0.5, 10.0]",11,1385,0,280.0
27844,1387,226.0,226.0,1,T4,6.0,1.0,1582,0,"[1.0, 6.0]",18,1387,0,226.0
85172,1398,19945.0,-1,1,P100,18.0,1.0,378955,0,"[1.0, 18.0]",38,1398,0,3347.0
90847,1413,9500.0,-1,1,MISC,6.0,1.0,66500,0,"[1.0, 6.0]",5,1413,0,3332.0
4319,1419,14423.0,-1,1,MISC,18.0,1.0,274037,0,"[1.0, 18.0]",1,1419,0,3326.0
20143,1422,2610.0,2610.0,1,MISC,6.0,2.0,20880,0,"[2.0, 6.0]",9,1422,0,5220.0
30570,1425,39883.0,-1,1,MISC,6.0,0.25,249268,0,"[0.25, 6.0]",6,1425,0,830.0
79149,1426,24.0,24.0,1,MISC,1.0,0.01,24,0,"[0.01, 1.0]",6,1426,0,0.24
4397,1436,468.0,468.0,1,T4,10.0,0.5,4914,0,"[0.5, 10.0]",27,1436,0,234.0
17012,1440,288321.0,-1,1,MISC,6.0,1.0,2018247,0,"[1.0, 6.0]",6,1440,0,3305.0
18845,1445,665.0,665.0,1,MISC,6.0,1.0,4655,0,"[1.0, 6.0]",3,1445,0,665.0
61939,1449,236.0,236.0,1,T4,6.0,1.0,1652,0,"[1.0, 6.0]",11,1449,0,236.0
772,1452,122.0,122.0,1,MISC,6.0,1.0,854,0,"[1.0, 6.0]",4,1452,0,122.0
7431,1457,5122.0,-1,1,MISC,4.0,1.0,25610,0,"[1.0, 4.0]",7,1457,0,3288.0
30906,1460,4986.0,-1,1,T4,6.0,0.25,31162,0,"[0.25, 6.0]",20,1460,0,821.25
28392,1463,53.0,53.0,1,MISC,0.2,0.1,15,0,"[0.1, 0.2]",8,1463,0,5.300000000000001
97433,1464,2999.0,2999.0,1,MISC,0.2,0.1,899,0,"[0.1, 0.2]",8,1464,0,299.90000000000003
90477,1472,71349.0,-1,1,MISC,18.0,1.0,1355631,0,"[1.0, 18.0]",8,1472,0,3273.0
17696,1475,488.0,488.0,1,T4,10.0,0.5,5124,0,"[0.5, 10.0]",12,1475,0,244.0
73054,1478,2294.0,2294.0,1,T4,6.0,0.25,14337,0,"[0.25, 6.0]",19,1478,0,573.5
54784,1482,4526.0,-1,1,MISC,1.0,0.25,5657,0,"[0.25, 1.0]",4,1482,0,815.75
18700,1512,12697.0,-1,1,T4,6.0,0.25,79356,0,"[0.25, 6.0]",21,1512,0,808.25
65026,1533,2529.0,2529.0,1,T4,6.0,0.25,15806,0,"[0.25, 6.0]",10,1533,0,632.25
50531,1540,62233.0,-1,1,MISC,6.0,0.5,404514,0,"[0.5, 6.0]",0,1540,0,1602.5
74283,1543,121.0,121.0,1,MISC,18.0,1.0,2299,0,"[1.0, 18.0]",4,1543,0,121.0
54435,1548,30110.0,-1,1,T4,6.0,1.0,210770,0,"[1.0, 6.0]",10,1548,0,3197.0
6966,1550,2107.0,2107.0,1,MISC,1.0,0.25,2633,0,"[0.25, 1.0]",0,1550,0,526.75
91915,1551,247.0,247.0,1,MISC,6.0,1.0,1729,0,"[1.0, 6.0]",5,1551,0,247.0
55711,1556,145.0,145.0,1,MISC,6.0,0.25,906,0,"[0.25, 6.0]",2,1556,0,36.25
55745,1561,25567.0,-1,1,MISC,1.0,0.25,31958,0,"[0.25, 1.0]",0,1561,0,796.0
60157,1561,3416.0,-1,1,P100,6.0,1.0,23912,0,"[1.0, 6.0]",39,1561,0,3184.0
30707,1568,372.0,372.0,1,T4,10.0,0.5,3906,0,"[0.5, 10.0]",25,1568,0,186.0
5768,1570,913.0,913.0,1,MISC,5.0,0.5,5021,0,"[0.5, 5.0]",1,1570,0,456.5
11601,1575,2859.0,2859.0,1,MISC,6.0,0.1,17439,0,"[0.1, 6.0]",4,1575,0,285.90000000000003
2597,1583,35.0,35.0,1,MISC,6.0,1.0,245,0,"[1.0, 6.0]",0,1583,0,35.0
99866,1583,406.0,406.0,1,MISC,18.0,1.0,7714,0,"[1.0, 18.0]",7,1583,0,406.0
33095,1584,69.0,69.0,1,MISC,6.0,1.0,483,0,"[1.0, 6.0]",9,1584,0,69.0
45954,1585,562.0,562.0,1,T4,10.0,0.5,5901,0,"[0.5, 10.0]",20,1585,0,281.0
54694,1595,886.0,886.0,1,MISC,1.0,0.25,1107,0,"[0.25, 1.0]",1,1595,0,221.5
79746,1599,9680.0,-1,1,MISC,6.0,0.1,59048,0,"[0.1, 6.0]",1,1599,0,314.6
93214,1600,664.0,664.0,1,V100,6.0,1.0,4648,0,"[1.0, 6.0]",48,1600,0,664.0
55282,1602,2428.0,2428.0,1,MISC,6.0,0.5,15782,0,"[0.5, 6.0]",4,1602,0,1214.0
33713,1605,11229.0,-1,1,MISC,6.0,0.25,70181,0,"[0.25, 6.0]",2,1605,0,785.0
99942,1605,1663.0,1663.0,1,T4,6.0,1.0,11641,0,"[1.0, 6.0]",15,1605,0,1663.0
71178,1610,5874.0,-1,1,MISC,6.0,1.0,41118,0,"[1.0, 6.0]",1,1610,0,3135.0
16820,1621,65.0,65.0,1,MISC,6.0,1.0,455,0,"[1.0, 6.0]",0,1621,0,65.0
27108,1621,7463.0,-1,1,MISC,6.0,1.0,52241,0,"[1.0, 6.0]",3,1621,0,3124.0
56004,1630,22506.0,-1,1,MISC,6.0,0.25,140662,0,"[0.25, 6.0]",6,1630,0,778.75
82112,1630,13928.0,-1,1,MISC,6.0,1.0,97496,0,"[1.0, 6.0]",5,1630,0,3115.0
66050,1635,284.0,284.0,1,MISC,6.0,0.25,1775,0,"[0.25, 6.0]",8,1635,0,71.0
3129,1639,5469.0,-1,1,MISC,6.0,0.5,35548,0,"[0.5, 6.0]",4,1639,0,1553.0
99003,1640,3874.0,-1,1,MISC,3.0,1.0,15496,0,"[1.0, 3.0]",0,1640,0,3105.0
10076,1646,171.0,171.0,1,MISC,6.0,0.5,1111,0,"[0.5, 6.0]",9,1646,0,85.5
46237,1650,4645.0,-1,1,T4,6.0,0.25,29031,0,"[0.25, 6.0]",18,1650,0,773.75
58011,1650,124.0,124.0,1,MISC,6.0,0.25,775,0,"[0.25, 6.0]",6,1650,0,31.0
99845,1654,45999.0,-1,1,MISC,6.0,0.1,280593,0,"[0.1, 6.0]",2,1654,0,309.1
15770,1657,54.0,54.0,1,T4,6.0,1.0,378,0,"[1.0, 6.0]",18,1657,0,54.0
25822,1657,14316.0,-1,1,T4,16.0,1.0,243372,0,"[1.0, 16.0]",24,1657,0,3088.0
90937,1658,90.0,90.0,1,MISC,6.0,1.0,630,0,"[1.0, 6.0]",9,1658,0,90.0
20501,1659,7.0,7.0,1,T4,18.0,1.0,133,0,"[1.0, 18.0]",23,1659,0,7.0
19070,1662,2341.0,2341.0,1,MISC,6.0,0.25,14631,0,"[0.25, 6.0]",8,1662,0,585.25
81633,1663,240.0,240.0,1,MISC,6.0,1.0,1680,0,"[1.0, 6.0]",3,1663,0,240.0
12887,1674,1557.0,1557.0,1,T4,6.0,0.25,9731,0,"[0.25, 6.0]",14,1674,0,389.25
74768,1676,67.0,67.0,1,MISC,18.0,1.0,1273,0,"[1.0, 18.0]",4,1676,0,67.0
52886,1688,236.0,236.0,1,T4,6.0,1.0,1652,0,"[1.0, 6.0]",11,1688,0,236.0
42035,1696,277.0,277.0,1,T4,6.0,1.0,1939,0,"[1.0, 6.0]",23,1696,0,277.0
15036,1707,4127.0,-1,1,MISC,6.0,0.25,25793,0,"[0.25, 6.0]",2,1707,0,759.5
41491,1709,257.0,257.0,1,T4,6.0,1.0,1799,0,"[1.0, 6.0]",22,1709,0,257.0
11376,1711,2321.0,2321.0,1,T4,6.0,0.25,14506,0,"[0.25, 6.0]",18,1711,0,580.25
37277,1713,60.0,60.0,1,MISC,6.0,1.0,420,0,"[1.0, 6.0]",0,1713,0,60.0
36178,1715,831.0,831.0,1,MISC,6.0,0.25,5193,0,"[0.25, 6.0]",7,1715,0,207.75
71216,1727,24.0,24.0,1,P100,6.0,1.0,168,0,"[1.0, 6.0]",40,1727,0,24.0
28584,1732,1692.0,1692.0,1,MISC,6.0,0.5,10998,0,"[0.5, 6.0]",1,1732,0,846.0
17477,1740,4106.0,-1,1,MISC,6.0,0.25,25662,0,"[0.25, 6.0]",4,1740,0,751.25
25040,1745,930.0,930.0,1,MISC,4.0,0.5,4185,0,"[0.5, 4.0]",4,1745,0,465.0
30908,1745,5361.0,-1,1,T4,6.0,0.25,33506,0,"[0.25, 6.0]",17,1745,0,750.0
66646,1761,188.0,188.0,1,MISC,6.0,1.0,1316,0,"[1.0, 6.0]",9,1761,0,188.0
53124,1763,338.0,338.0,1,T4,10.0,0.5,3549,0,"[0.5, 10.0]",20,1763,0,169.0
73658,1764,566.0,566.0,1,T4,6.0,0.25,3537,0,"[0.25, 6.0]",27,1764,0,141.5
41730,1768,2508.0,2508.0,1,T4,6.0,0.25,15675,0,"[0.25, 6.0]",13,1768,0,627.0
68564,1769,837.0,837.0,1,MISC,0.5,0.25,627,0,"[0.25, 0.5]",4,1769,0,209.25
56324,1773,50.0,50.0,1,MISC,6.0,1.0,350,0,"[1.0, 6.0]",0,1773,0,50.0
43919,1778,958.0,958.0,1,MISC,6.0,0.25,5987,0,"[0.25, 6.0]",6,1778,0,239.5
97446,1786,20362.0,-1,1,T4,6.0,0.25,127262,0,"[0.25, 6.0]",15,1786,0,739.75
92531,1791,5358.0,-1,1,MISC,0.2,0.1,1607,0,"[0.1, 0.2]",4,1791,0,295.40000000000003
28105,1795,3514.0,-1,1,MISC,1.0,0.25,4392,0,"[0.25, 1.0]",4,1795,0,737.5
15242,1806,7960.0,-1,1,MISC,6.0,0.1,48556,0,"[0.1, 6.0]",5,1806,0,293.90000000000003
37030,1811,15.0,15.0,1,T4,6.0,1.0,105,0,"[1.0, 6.0]",18,1811,0,15.0
83758,1814,216.0,216.0,1,T4,6.0,1.0,1512,0,"[1.0, 6.0]",19,1814,0,216.0
84408,1817,36.0,36.0,1,MISC,6.0,0.25,225,0,"[0.25, 6.0]",5,1817,0,9.0
75477,1825,3910.0,-1,1,MISC,6.0,0.25,24437,0,"[0.25, 6.0]",0,1825,0,730.0
27732,1826,7149.0,-1,1,T4,6.0,0.25,44681,0,"[0.25, 6.0]",18,1826,0,729.75
19163,1833,338.0,338.0,1,T4,10.0,0.5,3549,0,"[0.5, 10.0]",21,1833,0,169.0
13732,1840,10766.0,-1,1,MISC,18.0,1.0,204554,0,"[1.0, 18.0]",7,1840,0,2905.0
72117,1842,188.0,188.0,1,MISC,1.0,1.0,376,0,"[1.0, 1.0]",0,1842,0,188.0
34422,1855,456.0,456.0,1,MISC,6.0,1.0,3192,0,"[1.0, 6.0]",5,1855,0,456.0
77852,1866,56.0,56.0,1,T4,6.0,0.25,350,0,"[0.25, 6.0]",14,1866,0,14.0
82989,1872,78.0,78.0,1,MISC,6.0,1.0,546,0,"[1.0, 6.0]",9,1872,0,78.0
88545,1877,3036.0,-1,1,MISC,6.0,0.15,18671,0,"[0.15, 6.0]",0,1877,0,430.2
22856,1903,14705.0,-1,1,T4,6.0,0.25,91906,0,"[0.25, 6.0]",25,1903,0,710.5
1352,1831,3005.0,-1,1,T4,6.0,1.0,21035,0,"[1.0, 6.0]",27,1904,73,2841.0
43138,1901,21570.0,-1,1,MISC,16.0,2.0,388260,0,"[2.0, 16.0]",8,1906,5,5678.0
5501,1911,18.0,18.0,1,MISC,6.0,1.0,126,0,"[1.0, 6.0]",3,1911,0,18.0
32070,1924,4192.0,-1,1,MISC,6.0,1.0,29344,0,"[1.0, 6.0]",4,1924,0,2821.0
70824,1935,11066.0,-1,1,P100,18.0,1.0,210254,0,"[1.0, 18.0]",40,1935,0,2810.0
18392,1940,450.0,450.0,1,MISC,6.0,0.25,2812,0,"[0.25, 6.0]",3,1940,0,112.5
68775,1950,31243.0,-1,1,MISC,2.0,1.0,93729,0,"[1.0, 2.0]",9,1950,0,2795.0
59176,1956,54.0,54.0,1,T4,6.0,1.0,378,0,"[1.0, 6.0]",11,1956,0,54.0
46666,1967,3698.0,-1,1,MISC,6.0,1.0,25886,0,"[1.0, 6.0]",9,1967,0,2778.0
51783,1970,201.0,201.0,1,MISC,6.0,0.25,1256,0,"[0.25, 6.0]",0,1970,0,50.25
892,1972,3159.0,-1,1,MISC,6.0,0.1,19269,0,"[0.1, 6.0]",8,1972,0,277.3
53555,1972,664.0,664.0,1,MISC,6.0,0.25,4150,0,"[0.25, 6.0]",9,1972,0,166.0
1841,1978,2096.0,2096.0,1,T4,6.0,0.25,13100,0,"[0.25, 6.0]",12,1978,0,524.0
69641,1979,1902.0,1902.0,1,MISC,6.0,1.0,13314,0,"[1.0, 6.0]",1,1979,0,1902.0
34797,1984,64.0,64.0,1,MISC,6.0,1.0,448,0,"[1.0, 6.0]",3,1984,0,64.0
89519,1984,20248.0,-1,1,MISC,5.0,0.5,111364,0,"[0.5, 5.0]",5,1984,0,1380.5
8650,1985,45.0,45.0,1,MISC,6.0,0.25,281,0,"[0.25, 6.0]",1,1985,0,11.25
79342,1993,184.0,184.0,1,T4,6.0,0.5,1196,0,"[0.5, 6.0]",12,1993,0,92.0
37446,1999,1536.0,1536.0,1,MISC,18.0,1.0,29184,0,"[1.0, 18.0]",7,1999,0,1536.0
16615,2002,48.0,48.0,1,MISC,6.0,1.0,336,0,"[1.0, 6.0]",8,2002,0,48.0
82435,2005,59.0,59.0,1,T4,2.0,0.2,129,0,"[0.2, 2.0]",22,2005,0,11.8
27903,2015,246.0,246.0,1,T4,6.0,1.0,1722,0,"[1.0, 6.0]",11,2015,0,246.0
3376,2016,16909.0,-1,1,MISC,6.0,0.25,105681,0,"[0.25, 6.0]",9,2016,0,682.25
99564,2019,216.0,216.0,1,T4,6.0,1.0,1512,0,"[1.0, 6.0]",12,2019,0,216.0
69156,2040,77.0,77.0,1,T4,8.0,0.5,654,0,"[0.5, 8.0]",22,2040,0,38.5
94720,2047,19527.0,-1,1,V100,20.0,1.0,410067,0,"[1.0, 20.0]",49,2047,0,2698.0
24187,2049,3750.0,-1,1,T4,6.0,0.25,23437,0,"[0.25, 6.0]",23,2049,0,674.0
63890,2050,95.0,95.0,1,MISC,6.0,1.0,665,0,"[1.0, 6.0]",3,2050,0,95.0
5302,2062,154.0,154.0,1,MISC,6.0,1.0,1078,0,"[1.0, 6.0]",4,2062,0,154.0
86335,2063,324.0,324.0,1,MISC,6.0,1.0,2268,0,"[1.0, 6.0]",3,2063,0,324.0
50955,2067,31597.0,-1,1,T4,6.0,0.25,197481,0,"[0.25, 6.0]",25,2067,0,669.5
4200,2080,559.0,559.0,1,V100,12.0,0.25,6847,0,"[0.25, 12.0]",47,2080,0,139.75
50797,2088,9740.0,-1,1,T4,6.0,0.25,60875,0,"[0.25, 6.0]",22,2088,0,664.25
3279,2091,210.0,210.0,1,T4,6.0,0.5,1365,0,"[0.5, 6.0]",17,2091,0,105.0
32241,2095,11388.0,-1,1,T4,6.0,0.05,68897,0,"[0.05, 6.0]",11,2095,0,132.5
20233,2096,849.0,849.0,1,T4,10.0,0.5,8914,0,"[0.5, 10.0]",18,2096,0,424.5
43006,2096,23.0,23.0,1,MISC,6.0,0.05,139,0,"[0.05, 6.0]",2,2096,0,1.1500000000000001
9246,2102,54.0,54.0,1,MISC,6.0,0.25,337,0,"[0.25, 6.0]",1,2102,0,13.5
7673,2107,286.0,286.0,1,MISC,6.0,1.0,2002,0,"[1.0, 6.0]",8,2107,0,286.0
92952,2112,4806.0,-1,1,MISC,6.0,0.1,29316,0,"[0.1, 6.0]",3,2112,0,263.3
8449,2134,315.0,315.0,1,T4,6.0,1.0,2205,0,"[1.0, 6.0]",22,2134,0,315.0
33792,2140,481.0,481.0,1,MISC,6.0,0.5,3126,0,"[0.5, 6.0]",3,2140,0,240.5
1926,2142,15712.0,-1,1,MISC,6.0,0.25,98200,0,"[0.25, 6.0]",4,2142,0,650.75
78774,2126,97.0,116.0,1,MISC,6.0,1.0,679,0,"[1.0, 6.0]",3,2145,19,97.0
47814,2149,509.0,509.0,1,T4,10.0,0.5,5344,0,"[0.5, 10.0]",20,2149,0,254.5
48006,2150,24.0,24.0,1,T4,6.0,1.0,168,0,"[1.0, 6.0]",20,2150,0,24.0
45217,2162,9328.0,-1,1,MISC,6.0,0.25,58300,0,"[0.25, 6.0]",1,2162,0,645.75
77507,2162,335.0,335.0,1,T4,6.0,0.25,2093,0,"[0.25, 6.0]",19,2162,0,83.75
93786,2136,519.0,554.0,1,MISC,6.0,1.0,3633,0,"[1.0, 6.0]",0,2171,35,519.0
9444,2171,34.0,34.0,1,MISC,6.0,0.25,212,0,"[0.25, 6.0]",5,2171,0,8.5
73464,2184,144.0,144.0,1,T4,6.0,0.25,900,0,"[0.25, 6.0]",20,2184,0,36.0
6751,2187,393.0,393.0,1,P100,6.0,1.0,2751,0,"[1.0, 6.0]",41,2187,0,393.0
58944,2212,1815.0,1815.0,1,MISC,6.0,0.25,11343,0,"[0.25, 6.0]",5,2212,0,453.75
5465,2137,471.0,550.0,1,MISC,6.0,1.0,3297,0,"[1.0, 6.0]",4,2216,79,471.0
18661,2228,18829.0,-1,1,P100,4.0,0.25,80023,0,"[0.25, 4.0]",42,2228,0,629.25
79576,2186,24.0,73.0,1,T4,6.0,1.0,168,0,"[1.0, 6.0]",12,2235,49,24.0
17787,2146,43.0,139.0,1,MISC,6.0,1.0,301,0,"[1.0, 6.0]",3,2242,96,43.0
91957,2200,698.0,757.0,1,T4,6.0,1.0,4886,0,"[1.0, 6.0]",12,2259,59,698.0
64210,2259,5591.0,-1,1,P100,10.0,2.0,67092,0,"[2.0, 10.0]",43,2259,0,4972.0
53031,2211,216.0,266.0,1,T4,6.0,1.0,1512,0,"[1.0, 6.0]",11,2261,50,216.0
93718,2153,89340.0,-1,1,MISC,6.0,0.5,580710,0,"[0.5, 6.0]",3,2285,132,1230.0
5004,2294,6909.0,-1,1,MISC,0.2,0.1,2072,0,"[0.1, 0.2]",0,2294,0,245.10000000000002
26320,2295,8192.0,-1,1,MISC,6.0,0.1,49971,0,"[0.1, 6.0]",1,2295,0,245.0
91782,2154,1799.0,1956.0,1,MISC,6.0,0.5,11693,0,"[0.5, 6.0]",5,2311,157,899.5
34468,2323,524.0,524.0,1,T4,10.0,0.5,5502,0,"[0.5, 10.0]",17,2323,0,262.0
48122,2258,24.0,94.0,1,T4,6.0,1.0,168,0,"[1.0, 6.0]",20,2328,70,24.0
92677,2333,3389.0,-1,1,MISC,0.2,0.1,1016,0,"[0.1, 0.2]",0,2333,0,241.20000000000002
79898,2338,4724.0,-1,1,T4,6.0,0.25,29525,0,"[0.25, 6.0]",12,2338,0,601.75
41779,2283,246.0,315.0,1,T4,6.0,1.0,1722,0,"[1.0, 6.0]",20,2352,69,246.0
53155,2353,314.0,314.0,1,T4,10.0,0.5,3297,0,"[0.5, 10.0]",21,2353,0,157.0
50217,2355,40038.0,-1,1,T4,6.0,0.25,250237,0,"[0.25, 6.0]",26,2355,0,597.5
34028,2379,590.0,590.0,1,T4,10.0,0.5,6195,0,"[0.5, 10.0]",11,2379,0,295.0
64020,2381,15.0,15.0,1,V100,6.0,3.0,135,0,"[3.0, 6.0]",48,2381,0,45.0
84490,2382,5976.0,-1,1,V100,6.0,1.0,41832,0,"[1.0, 6.0]",47,2382,0,2363.0
44237,2164,1599.0,1822.0,1,MISC,6.0,0.5,10393,0,"[0.5, 6.0]",3,2387,223,799.5
87658,2193,61.0,258.0,1,MISC,6.0,1.0,427,0,"[1.0, 6.0]",3,2390,197,61.0
67706,2197,33.0,229.0,1,MISC,6.0,1.0,231,0,"[1.0, 6.0]",8,2393,196,33.0
1090,2395,184.0,184.0,1,P100,18.0,1.0,3496,0,"[1.0, 18.0]",44,2395,0,184.0
8090,2406,380.0,380.0,1,T4,10.0,0.5,3990,0,"[0.5, 10.0]",14,2406,0,190.0
91275,2406,41397.0,-1,1,MISC,6.0,0.1,252521,0,"[0.1, 6.0]",9,2406,0,233.9
58854,2419,435.0,435.0,1,T4,10.0,0.5,4567,0,"[0.5, 10.0]",23,2419,0,217.5
72189,2424,930.0,930.0,1,T4,6.0,0.25,5812,0,"[0.25, 6.0]",25,2424,0,232.5
56456,2211,36.0,251.0,1,MISC,6.0,1.0,252,0,"[1.0, 6.0]",8,2426,215,36.0
64867,2303,8610.0,-1,1,T4,18.0,1.0,163590,0,"[1.0, 18.0]",22,2449,146,2296.0
5992,2219,5317.0,-1,1,MISC,6.0,0.5,34560,0,"[0.5, 6.0]",3,2451,232,1147.0
33650,2320,2006.0,2138.0,1,T4,0.5,1.0,3009,0,"[1.0, 0.5]",19,2452,132,2006.0
22732,2228,37.0,271.0,1,MISC,6.0,0.25,231,0,"[0.25, 6.0]",8,2462,234,9.25
36258,2467,10026.0,-1,1,MISC,2.0,0.2,22057,0,"[0.2, 2.0]",0,2467,0,455.6
74963,2364,226.0,339.0,1,T4,6.0,1.0,1582,0,"[1.0, 6.0]",11,2477,113,226.0
94402,2298,5691.0,-1,1,MISC,6.0,0.25,35568,0,"[0.25, 6.0]",1,2481,183,566.0
26058,2482,1683.0,1683.0,1,V100,1.0,4.0,8415,0,"[4.0, 1.0]",48,2482,0,6732.0
56790,2276,1772.0,1979.0,1,MISC,6.0,0.5,11518,0,"[0.5, 6.0]",1,2483,207,886.0
48188,2486,397.0,397.0,1,T4,10.0,0.5,4168,0,"[0.5, 10.0]",26,2486,0,198.5
6644,2232,27373.0,-1,1,MISC,6.0,1.0,191611,0,"[1.0, 6.0]",8,2499,267,2246.0
9284,2235,2917.0,-1,1,MISC,6.0,1.0,20419,0,"[1.0, 6.0]",7,2546,311,2199.0
66633,2381,1215.0,1432.0,1,T4,0.5,1.0,1822,0,"[1.0, 0.5]",20,2598,217,1215.0
75449,2255,30.0,396.0,1,MISC,6.0,1.0,210,0,"[1.0, 6.0]",3,2621,366,30.0
78738,2361,33.0,308.0,1,MISC,6.0,0.25,206,0,"[0.25, 6.0]",9,2636,275,8.25
45390,2265,318.0,704.0,1,MISC,6.0,1.0,2226,0,"[1.0, 6.0]",3,2651,386,318.0
45341,2363,2136.0,-1,1,MISC,6.0,0.25,13350,0,"[0.25, 6.0]",9,2669,306,519.0
37973,2394,9657.0,-1,1,MISC,5.0,0.25,50699,0,"[0.25, 5.0]",4,2675,281,517.5
73371,2273,52.0,466.0,1,MISC,6.0,1.0,364,0,"[1.0, 6.0]",4,2687,414,52.0
79530,2286,344.0,748.0,1,MISC,6.0,1.0,2408,0,"[1.0, 6.0]",0,2690,404,344.0
26991,2389,287.0,601.0,1,T4,6.0,1.0,2009,0,"[1.0, 6.0]",11,2703,314,287.0
25149,2375,31.0,392.0,1,MISC,6.0,0.25,193,0,"[0.25, 6.0]",6,2736,361,7.75
57436,2289,64.0,514.0,1,MISC,6.0,1.0,448,0,"[1.0, 6.0]",4,2739,450,64.0
97501,2376,1071.0,1462.0,1,MISC,6.0,0.25,6693,0,"[0.25, 6.0]",6,2767,391,267.75
53467,2304,1784.0,2251.0,1,MISC,6.0,0.5,11596,0,"[0.5, 6.0]",7,2771,467,892.0
57489,2332,52.0,523.0,1,MISC,6.0,1.0,364,0,"[1.0, 6.0]",4,2803,471,52.0
74720,2351,787.0,1291.0,1,MISC,6.0,0.5,5115,0,"[0.5, 6.0]",4,2855,504,393.5
59412,2502,155.0,518.0,1,T4,6.0,1.0,1085,0,"[1.0, 6.0]",21,2865,363,155.0
32920,2357,175.0,725.0,1,MISC,6.0,1.0,1225,0,"[1.0, 6.0]",4,2907,550,175.0
29066,2389,6638.0,-1,1,MISC,6.0,1.0,46466,0,"[1.0, 6.0]",3,2969,580,1776.0
37084,2403,54.0,685.0,1,MISC,6.0,0.25,337,0,"[0.25, 6.0]",0,3034,631,13.5
14801,2405,5383.0,-1,1,MISC,6.0,1.0,37681,0,"[1.0, 6.0]",4,3082,677,1663.0
50860,2412,490.0,1166.0,1,MISC,6.0,0.25,3062,0,"[0.25, 6.0]",0,3088,676,122.5
38021,2414,4394.0,-1,1,MISC,6.0,1.0,30758,0,"[1.0, 6.0]",0,3223,809,1522.0
36615,2461,29.0,992.0,1,MISC,6.0,0.25,181,0,"[0.25, 6.0]",1,3424,963,7.25
39619,2460,36.0,1022.0,1,MISC,6.0,1.0,252,0,"[1.0, 6.0]",5,3446,986,36.0
86449,2493,34.0,994.0,1,MISC,6.0,0.25,212,0,"[0.25, 6.0]",1,3453,960,8.5
88651,2495,5206.0,-1,1,MISC,6.0,0.1,31756,0,"[0.1, 6.0]",5,3482,987,126.30000000000001
15922,2526,5642.0,-1,1,MISC,6.0,0.25,35262,0,"[0.25, 6.0]",1,3487,961,314.5
79419,2080,4113.0,-1,1,MISC,15.0,1.0,65808,0,"[1.0, 15.0]",7,3535,1455,1210.0
2456,2522,24.0,1080.0,1,MISC,6.0,1.0,168,0,"[1.0, 6.0]",0,3578,1056,24.0
60877,2530,75.0,1147.0,1,MISC,6.0,1.0,525,0,"[1.0, 6.0]",0,3602,1072,75.0
36942,2420,106.0,1328.0,1,MISC,8.0,1.0,954,0,"[1.0, 8.0]",4,3642,1222,106.0
68626,2535,81.0,1223.0,1,MISC,6.0,1.0,567,0,"[1.0, 6.0]",0,3677,1142,81.0
30682,2432,74.0,1390.0,1,MISC,12.0,1.0,962,0,"[1.0, 12.0]",4,3748,1316,74.0
80198,2380,26285.0,-1,1,MISC,20.0,1.0,551985,0,"[1.0, 20.0]",4,4030,1650,715.0
2533,2423,453.0,2320.0,1,MISC,18.0,1.0,8607,0,"[1.0, 18.0]",1,4290,1867,453.0
74159,2526,68.0,-1,1,MISC,18.0,1.0,1292,0,"[1.0, 18.0]",1,4743,2217,2.0
